variant,users,scenario,mode,run,readyMs,apiHttp,apiBytes,domRows
before,40,users,cold,0,205.5317,5,25103,20
before,40,users,cold,1,157.17830000000004,5,25103,20
before,40,users,cold,2,142.48630000000003,5,25103,20
before,40,users,cold,3,150.79780000000005,5,25103,20
before,40,users,cold,4,145.6108999999999,5,25103,20
before,40,users,cold,5,141.57619999999997,5,25103,20
before,40,users,cold,6,138.36009999999987,5,25103,20
before,40,users,cold,7,134.48090000000002,5,25103,20
before,40,users,cold,8,136.0885000000003,5,25103,20
before,40,users,cold,9,189.93690000000015,5,25103,20
before,40,users,cold,10,331.9344000000001,5,25103,20
before,40,users,cold,11,311.53989999999976,5,25103,20
before,40,users,cold,12,307.0527000000002,5,25103,20
before,40,users,cold,13,297.0048999999999,5,25103,20
before,40,users,cold,14,295.33440000000064,5,25103,20
before,40,users,cold,15,303.22029999999995,5,25103,20
before,40,users,cold,16,290.70820000000003,5,25103,20
before,40,users,cold,17,304.65500000000065,5,25103,20
before,40,users,cold,18,306.4429,5,25103,20
before,40,users,cold,19,301.46090000000004,5,25103,20
before,40,users,cold,20,293.1211999999996,5,25103,20
before,40,users,cold,21,286.1309000000001,5,25103,20
before,40,users,cold,22,291.41139999999905,5,25103,20
before,40,users,cold,23,288.46310000000085,5,25103,20
before,40,users,cold,24,297.3632000000016,5,25103,20
before,40,users,cold,25,277.5847999999987,5,25103,20
before,40,users,cold,26,288.2394000000004,5,25103,20
before,40,users,cold,27,297.4534999999996,5,25103,20
before,40,users,cold,28,271.77759999999944,5,25103,20
before,40,users,cold,29,274.6830000000009,5,25103,20
before,40,users,warm,0,236.15040000000045,5,25103,20
before,40,users,warm,1,204.5043999999998,5,25103,20
before,40,users,warm,2,223.10499999999956,5,25103,20
before,40,users,warm,3,211.48160000000098,5,25103,20
before,40,users,warm,4,236.95949999999903,5,25103,20
before,40,users,warm,5,228.51260000000002,5,25103,20
before,40,users,warm,6,244.2440000000006,5,25103,20
before,40,users,warm,7,236.66619999999966,5,25103,20
before,40,users,warm,8,237.2982000000011,5,25103,20
before,40,users,warm,9,238.5125999999982,5,25103,20
before,40,users,warm,10,299.5073999999986,5,25103,20
before,40,users,warm,11,260.09490000000005,5,25103,20
before,40,users,warm,12,263.09349999999904,5,25103,20
before,40,users,warm,13,277.86039999999775,5,25103,20
before,40,users,warm,14,245.78019999999742,5,25103,20
before,40,users,warm,15,215.70929999999862,5,25103,20
before,40,users,warm,16,264.14340000000084,5,25103,20
before,40,users,warm,17,277.63950000000114,5,25103,20
before,40,users,warm,18,250.98879999999917,5,25103,20
before,40,users,warm,19,257.4506000000001,5,25103,20
before,40,users,warm,20,283.34130000000005,5,25103,20
before,40,users,warm,21,266.8623000000007,5,25103,20
before,40,users,warm,22,261.97409999999945,5,25103,20
before,40,users,warm,23,262.255799999999,5,25103,20
before,40,users,warm,24,248.242000000002,5,25103,20
before,40,users,warm,25,245.68120000000272,5,25103,20
before,40,users,warm,26,266.2345999999998,5,25103,20
before,40,users,warm,27,261.09479999999894,5,25103,20
before,40,users,warm,28,273.2572,5,25103,20
before,40,users,warm,29,261.4412000000011,5,25103,20
before,40,audit,cold,0,249.58410000000003,3,33393,100
before,40,audit,cold,1,251.49980000000505,3,33393,100
before,40,audit,cold,2,244.42960000000312,3,33393,100
before,40,audit,cold,3,257.9519999999975,3,33393,100
before,40,audit,cold,4,269.20969999999943,3,33393,100
before,40,audit,cold,5,256.6238999999987,3,33393,100
before,40,audit,cold,6,261.1515999999974,3,33393,100
before,40,audit,cold,7,266.2954000000027,3,33393,100
before,40,audit,cold,8,257.5311999999976,3,33393,100
before,40,audit,cold,9,252.83699999999953,3,33393,100
before,40,audit,cold,10,258.53369999999995,3,33393,100
before,40,audit,cold,11,254.49579999999696,3,33393,100
before,40,audit,cold,12,186.6351000000068,3,33393,100
before,40,audit,cold,13,130.8310000000056,3,33393,100
before,40,audit,cold,14,221.38259999999718,3,33393,100
before,40,audit,cold,15,235.88570000000618,3,33393,100
before,40,audit,cold,16,215.22609999999986,3,33393,100
before,40,audit,cold,17,234.05779999999504,3,33393,100
before,40,audit,cold,18,213.08269999999902,3,33393,100
before,40,audit,cold,19,224.63809999999648,3,33393,100
before,40,audit,cold,20,212.7734999999957,3,33393,100
before,40,audit,cold,21,278.3773999999976,3,33393,100
before,40,audit,cold,22,271.0248999999967,3,33393,100
before,40,audit,cold,23,269.57600000000093,3,33393,100
before,40,audit,cold,24,271.6677999999956,3,33393,100
before,40,audit,cold,25,272.3863000000056,3,33393,100
before,40,audit,cold,26,252.55949999999575,3,33393,100
before,40,audit,cold,27,261.34939999999915,3,33393,100
before,40,audit,cold,28,270.3565000000017,3,33393,100
before,40,audit,cold,29,258.08260000000155,3,33393,100
before,40,audit,warm,0,216.63450000000012,3,33393,100
before,40,audit,warm,1,223.09270000000106,3,33393,100
before,40,audit,warm,2,222.5240999999951,3,33393,100
before,40,audit,warm,3,218.25080000000162,3,33393,100
before,40,audit,warm,4,204.98259999999573,3,33393,100
before,40,audit,warm,5,206.5720999999976,3,33393,100
before,40,audit,warm,6,224.53629999999976,3,33393,100
before,40,audit,warm,7,210.12429999999586,3,33393,100
before,40,audit,warm,8,191.92459999999846,3,33393,100
before,40,audit,warm,9,206.88809999999648,3,33393,100
before,40,audit,warm,10,260.2021999999997,3,33393,100
before,40,audit,warm,11,264.96650000000955,3,33393,100
before,40,audit,warm,12,241.52629999999772,3,33393,100
before,40,audit,warm,13,224.95939999999246,3,33393,100
before,40,audit,warm,14,223.04959999999846,3,33393,100
before,40,audit,warm,15,209.5807000000059,3,33393,100
before,40,audit,warm,16,226.49070000000938,3,33393,100
before,40,audit,warm,17,245.8920999999973,3,33393,100
before,40,audit,warm,18,214.80310000000463,3,33393,100
before,40,audit,warm,19,242.40180000000692,3,33393,100
before,40,audit,warm,20,242.46899999999732,3,33393,100
before,40,audit,warm,21,221.69169999999576,3,33393,100
before,40,audit,warm,22,207.64629999999306,3,33393,100
before,40,audit,warm,23,243.33269999999902,3,33393,100
before,40,audit,warm,24,242.36000000000058,3,33393,100
before,40,audit,warm,25,231.91049999999814,3,33393,100
before,40,audit,warm,26,254.42940000000817,3,33393,100
before,40,audit,warm,27,257.0780000000086,3,33393,100
before,40,audit,warm,28,234.49319999999716,3,33393,100
before,40,audit,warm,29,236.93859999999404,3,33393,100
before,40,profile,cold,0,188.21040000000005,4,46400,154
before,40,profile,cold,1,154.87030000000004,4,46400,154
before,40,profile,cold,2,162.38940000000002,4,46400,154
before,40,profile,cold,3,184.6775,4,46400,154
before,40,profile,cold,4,150.93690000000015,4,46400,154
before,40,profile,cold,5,179.4616000000001,4,46400,154
before,40,profile,cold,6,191.0092999999997,4,46400,154
before,40,profile,cold,7,264.4518000000003,4,46400,154
before,40,profile,cold,8,307.65160000000014,4,46400,154
before,40,profile,cold,9,305.72599999999966,4,46400,154
before,40,profile,cold,10,298.9938000000002,4,46400,154
before,40,profile,cold,11,282.89589999999953,4,46400,154
before,40,profile,cold,12,301.91579999999976,4,46400,154
before,40,profile,cold,13,295.41769999999997,4,46400,154
before,40,profile,cold,14,285.85699999999997,4,46400,154
before,40,profile,cold,15,291.60609999999997,4,46400,154
before,40,profile,cold,16,301.9204,4,46400,154
before,40,profile,cold,17,319.103000000001,4,46400,154
before,40,profile,cold,18,294.139799999999,4,46400,154
before,40,profile,cold,19,307.9987000000001,4,46400,154
before,40,profile,cold,20,306.77120000000104,4,46400,154
before,40,profile,cold,21,305.0733,4,46400,154
before,40,profile,cold,22,312.5538000000015,4,46400,154
before,40,profile,cold,23,331.40859999999884,4,46400,154
before,40,profile,cold,24,318.27050000000054,4,46400,154
before,40,profile,cold,25,306.1126000000004,4,46400,154
before,40,profile,cold,26,318.3782999999985,4,46400,154
before,40,profile,cold,27,296.22220000000016,4,46400,154
before,40,profile,cold,28,307.2482999999993,4,46400,154
before,40,profile,cold,29,296.65159999999923,4,46400,154
before,40,profile,warm,0,248.19510000000082,4,46400,154
before,40,profile,warm,1,234.22719999999936,4,46400,154
before,40,profile,warm,2,270.6137999999992,4,46400,154
before,40,profile,warm,3,260.2453999999998,4,46400,154
before,40,profile,warm,4,233.61599999999817,4,46400,154
before,40,profile,warm,5,230.83009999999922,4,46400,154
before,40,profile,warm,6,243.05709999999817,4,46400,154
before,40,profile,warm,7,232.80010000000038,4,46400,154
before,40,profile,warm,8,244.5751999999993,4,46400,154
before,40,profile,warm,9,292.45720000000074,4,46400,154
before,40,profile,warm,10,289.1463999999978,4,46400,154
before,40,profile,warm,11,265.3757000000005,4,46400,154
before,40,profile,warm,12,292.78659999999945,4,46400,154
before,40,profile,warm,13,267.821899999999,4,46400,154
before,40,profile,warm,14,286.64140000000043,4,46400,154
before,40,profile,warm,15,268.6900000000023,4,46400,154
before,40,profile,warm,16,262.10899999999674,4,46400,154
before,40,profile,warm,17,279.48129999999946,4,46400,154
before,40,profile,warm,18,274.69400000000314,4,46400,154
before,40,profile,warm,19,281.5112000000008,4,46400,154
before,40,profile,warm,20,253.72929999999906,4,46400,154
before,40,profile,warm,21,264.9857000000011,4,46400,154
before,40,profile,warm,22,284.7368999999999,4,46400,154
before,40,profile,warm,23,270.7231000000029,4,46400,154
before,40,profile,warm,24,259.34000000000015,4,46400,154
before,40,profile,warm,25,280.1803,4,46400,154
before,40,profile,warm,26,257.92529999999897,4,46400,154
before,40,profile,warm,27,286.0133999999998,4,46400,154
before,40,profile,warm,28,253.08170000000246,4,46400,154
before,40,profile,warm,29,313.4403999999995,4,46400,154
before,1000,users,cold,0,193.24,5,538655,20
before,1000,users,cold,1,157.31760000000008,5,538655,20
before,1000,users,cold,2,154.43500000000017,5,538655,20
before,1000,users,cold,3,152.5872999999999,5,538655,20
before,1000,users,cold,4,145.51239999999984,5,538655,20
before,1000,users,cold,5,144.67070000000012,5,538655,20
before,1000,users,cold,6,145.55390000000034,5,538655,20
before,1000,users,cold,7,157.92000000000007,5,538655,20
before,1000,users,cold,8,214.17709999999988,5,538655,20
before,1000,users,cold,9,307.77,5,538655,20
before,1000,users,cold,10,303.7913999999996,5,538655,20
before,1000,users,cold,11,301.9214000000002,5,538655,20
before,1000,users,cold,12,288.65830000000005,5,538655,20
before,1000,users,cold,13,304.35069999999996,5,538655,20
before,1000,users,cold,14,286.28300000000036,5,538655,20
before,1000,users,cold,15,286.10030000000006,5,538655,20
before,1000,users,cold,16,321.4349000000002,5,538655,20
before,1000,users,cold,17,302.33050000000003,5,538655,20
before,1000,users,cold,18,322.6895999999997,5,538655,20
before,1000,users,cold,19,303.8211999999985,5,538655,20
before,1000,users,cold,20,320.65899999999965,5,538655,20
before,1000,users,cold,21,299.4210000000003,5,538655,20
before,1000,users,cold,22,313.0799999999999,5,538655,20
before,1000,users,cold,23,310.445099999999,5,538655,20
before,1000,users,cold,24,305.6357000000007,5,538655,20
before,1000,users,cold,25,318.1126000000004,5,538655,20
before,1000,users,cold,26,302.0821999999989,5,538655,20
before,1000,users,cold,27,301.27450000000135,5,538655,20
before,1000,users,cold,28,315.2376000000004,5,538655,20
before,1000,users,cold,29,307.21780000000035,5,538655,20
before,1000,users,warm,0,254.39820000000145,5,538655,20
before,1000,users,warm,1,240.16289999999935,5,538655,20
before,1000,users,warm,2,259.8937999999998,5,538655,20
before,1000,users,warm,3,256.35169999999925,5,538655,20
before,1000,users,warm,4,240.96640000000116,5,538655,20
before,1000,users,warm,5,236.1046000000024,5,538655,20
before,1000,users,warm,6,236.64830000000075,5,538655,20
before,1000,users,warm,7,239.7996000000021,5,538655,20
before,1000,users,warm,8,234.4271000000008,5,538655,20
before,1000,users,warm,9,256.9936999999991,5,538655,20
before,1000,users,warm,10,330.71180000000095,5,538655,20
before,1000,users,warm,11,254.0540000000001,5,538655,20
before,1000,users,warm,12,286.7317000000003,5,538655,20
before,1000,users,warm,13,276.53340000000026,5,538655,20
before,1000,users,warm,14,280.02980000000025,5,538655,20
before,1000,users,warm,15,249.97160000000076,5,538655,20
before,1000,users,warm,16,286.54569999999876,5,538655,20
before,1000,users,warm,17,277.1214,5,538655,20
before,1000,users,warm,18,290.1856000000007,5,538655,20
before,1000,users,warm,19,263.6941999999981,5,538655,20
before,1000,users,warm,20,287.8328999999976,5,538655,20
before,1000,users,warm,21,243.7980000000025,5,538655,20
before,1000,users,warm,22,261.54160000000047,5,538655,20
before,1000,users,warm,23,274.48999999999796,5,538655,20
before,1000,users,warm,24,250.79469999999856,5,538655,20
before,1000,users,warm,25,250.97869999999966,5,538655,20
before,1000,users,warm,26,293.97929999999906,5,538655,20
before,1000,users,warm,27,308.70300000000134,5,538655,20
before,1000,users,warm,28,271.17169999999896,5,538655,20
before,1000,users,warm,29,293.7929000000004,5,538655,20
before,1000,audit,cold,0,243.2754999999961,3,33413,100
before,1000,audit,cold,1,260.4467000000004,3,33413,100
before,1000,audit,cold,2,234.37859999999637,3,33413,100
before,1000,audit,cold,3,257.59389999999985,3,33413,100
before,1000,audit,cold,4,247.4403999999995,3,33413,100
before,1000,audit,cold,5,238.46689999999944,3,33413,100
before,1000,audit,cold,6,260.5975000000035,3,33413,100
before,1000,audit,cold,7,246.60749999999825,3,33413,100
before,1000,audit,cold,8,232.58610000000044,3,33413,100
before,1000,audit,cold,9,245.9164000000019,3,33413,100
before,1000,audit,cold,10,271.7560000000012,3,33413,100
before,1000,audit,cold,11,213.08989999999903,3,33413,100
before,1000,audit,cold,12,265.22879999999714,3,33413,100
before,1000,audit,cold,13,254.65669999999955,3,33413,100
before,1000,audit,cold,14,279.4524999999994,3,33413,100
before,1000,audit,cold,15,253.9475999999995,3,33413,100
before,1000,audit,cold,16,214.66240000000107,3,33413,100
before,1000,audit,cold,17,264.5256999999983,3,33413,100
before,1000,audit,cold,18,255.37799999999697,3,33413,100
before,1000,audit,cold,19,263.70590000000084,3,33413,100
before,1000,audit,cold,20,270.1622999999963,3,33413,100
before,1000,audit,cold,21,237.59689999999682,3,33413,100
before,1000,audit,cold,22,270.7378000000026,3,33413,100
before,1000,audit,cold,23,286.10179999999673,3,33413,100
before,1000,audit,cold,24,288.9617999999973,3,33413,100
before,1000,audit,cold,25,256.11730000000534,3,33413,100
before,1000,audit,cold,26,282.2612000000008,3,33413,100
before,1000,audit,cold,27,264.8726999999999,3,33413,100
before,1000,audit,cold,28,267.8600000000006,3,33413,100
before,1000,audit,cold,29,253.97170000000187,3,33413,100
before,1000,audit,warm,0,203.54859999999462,3,33413,100
before,1000,audit,warm,1,185.34569999999803,3,33413,100
before,1000,audit,warm,2,205.76020000000426,3,33413,100
before,1000,audit,warm,3,224.74760000000242,3,33413,100
before,1000,audit,warm,4,202.11530000000494,3,33413,100
before,1000,audit,warm,5,197.29129999999714,3,33413,100
before,1000,audit,warm,6,192.7832000000053,3,33413,100
before,1000,audit,warm,7,203.45739999999932,3,33413,100
before,1000,audit,warm,8,190.6317999999883,3,33413,100
before,1000,audit,warm,9,209.66220000000612,3,33413,100
before,1000,audit,warm,10,245.10749999999825,3,33413,100
before,1000,audit,warm,11,267.7247000000061,3,33413,100
before,1000,audit,warm,12,233.7893999999942,3,33413,100
before,1000,audit,warm,13,271.4444999999978,3,33413,100
before,1000,audit,warm,14,288.76370000001043,3,33413,100
before,1000,audit,warm,15,256.5835999999981,3,33413,100
before,1000,audit,warm,16,269.3244999999879,3,33413,100
before,1000,audit,warm,17,275.5255000000034,3,33413,100
before,1000,audit,warm,18,256.4631999999983,3,33413,100
before,1000,audit,warm,19,279.88640000000305,3,33413,100
before,1000,audit,warm,20,273.49670000000333,3,33413,100
before,1000,audit,warm,21,272.16590000000724,3,33413,100
before,1000,audit,warm,22,273.7276000000129,3,33413,100
before,1000,audit,warm,23,280.0095000000001,3,33413,100
before,1000,audit,warm,24,271.85020000000077,3,33413,100
before,1000,audit,warm,25,302.633600000001,3,33413,100
before,1000,audit,warm,26,250.0413000000117,3,33413,100
before,1000,audit,warm,27,246.85619999999471,3,33413,100
before,1000,audit,warm,28,266.0936999999976,3,33413,100
before,1000,audit,warm,29,297.90750000000116,3,33413,100
before,1000,profile,cold,0,206.60619999999994,4,46400,154
before,1000,profile,cold,1,171.97910000000002,4,46400,154
before,1000,profile,cold,2,150.56320000000005,4,46400,154
before,1000,profile,cold,3,146.51959999999985,4,46400,154
before,1000,profile,cold,4,146.4891,4,46400,154
before,1000,profile,cold,5,156.27030000000013,4,46400,154
before,1000,profile,cold,6,168.96360000000004,4,46400,154
before,1000,profile,cold,7,139.9758999999999,4,46400,154
before,1000,profile,cold,8,198.16859999999997,4,46400,154
before,1000,profile,cold,9,334.80420000000004,4,46400,154
before,1000,profile,cold,10,321.47159999999985,4,46400,154
before,1000,profile,cold,11,320.6945999999998,4,46400,154
before,1000,profile,cold,12,327.9949000000006,4,46400,154
before,1000,profile,cold,13,330.9423999999999,4,46400,154
before,1000,profile,cold,14,317.73349999999937,4,46400,154
before,1000,profile,cold,15,288.34609999999975,4,46400,154
before,1000,profile,cold,16,289.57990000000063,4,46400,154
before,1000,profile,cold,17,309.2610000000004,4,46400,154
before,1000,profile,cold,18,306.33430000000044,4,46400,154
before,1000,profile,cold,19,295.90730000000076,4,46400,154
before,1000,profile,cold,20,263.1399000000001,4,46400,154
before,1000,profile,cold,21,312.95390000000043,4,46400,154
before,1000,profile,cold,22,296.02390000000014,4,46400,154
before,1000,profile,cold,23,292.15279999999984,4,46400,154
before,1000,profile,cold,24,299.08339999999953,4,46400,154
before,1000,profile,cold,25,313.96320000000014,4,46400,154
before,1000,profile,cold,26,287.2314000000006,4,46400,154
before,1000,profile,cold,27,310.6867000000002,4,46400,154
before,1000,profile,cold,28,299.7476999999999,4,46400,154
before,1000,profile,cold,29,293.0499999999993,4,46400,154
before,1000,profile,warm,0,239.02099999999882,4,46400,154
before,1000,profile,warm,1,257.26880000000165,4,46400,154
before,1000,profile,warm,2,235.96019999999953,4,46400,154
before,1000,profile,warm,3,249.64710000000014,4,46400,154
before,1000,profile,warm,4,225.9190000000017,4,46400,154
before,1000,profile,warm,5,241.50550000000294,4,46400,154
before,1000,profile,warm,6,225.46640000000116,4,46400,154
before,1000,profile,warm,7,243.4858000000022,4,46400,154
before,1000,profile,warm,8,216.53110000000015,4,46400,154
before,1000,profile,warm,9,257.8227999999981,4,46400,154
before,1000,profile,warm,10,280.37850000000253,4,46400,154
before,1000,profile,warm,11,270.78410000000076,4,46400,154
before,1000,profile,warm,12,259.0661,4,46400,154
before,1000,profile,warm,13,265.60019999999713,4,46400,154
before,1000,profile,warm,14,263.7836000000025,4,46400,154
before,1000,profile,warm,15,260.7318000000014,4,46400,154
before,1000,profile,warm,16,260.53440000000046,4,46400,154
before,1000,profile,warm,17,254.34749999999985,4,46400,154
before,1000,profile,warm,18,256.47749999999724,4,46400,154
before,1000,profile,warm,19,309.7582000000002,4,46400,154
before,1000,profile,warm,20,271.4514999999992,4,46400,154
before,1000,profile,warm,21,270.0511000000006,4,46400,154
before,1000,profile,warm,22,252.9987000000001,4,46400,154
before,1000,profile,warm,23,267.21199999999953,4,46400,154
before,1000,profile,warm,24,259.8603000000003,4,46400,154
before,1000,profile,warm,25,264.01810000000114,4,46400,154
before,1000,profile,warm,26,267.1277000000009,4,46400,154
before,1000,profile,warm,27,298.5080999999991,4,46400,154
before,1000,profile,warm,28,256.86399999999776,4,46400,154
before,1000,profile,warm,29,266.79799999999886,4,46400,154
before,10000,users,cold,0,390.9901,5,5400671,20
before,10000,users,cold,1,341.58539999999994,5,5400671,20
before,10000,users,cold,2,351.1023,5,5400671,20
before,10000,users,cold,3,335.99080000000004,5,5400671,20
before,10000,users,cold,4,351.7439999999997,5,5400671,20
before,10000,users,cold,5,582.6614,5,5400671,20
before,10000,users,cold,6,654.2919999999995,5,5400671,20
before,10000,users,cold,7,652.6700000000001,5,5400671,20
before,10000,users,cold,8,656.0802000000003,5,5400671,20
before,10000,users,cold,9,692.1826000000001,5,5400671,20
before,10000,users,cold,10,649.9938999999995,5,5400671,20
before,10000,users,cold,11,743.1558999999997,5,5400671,20
before,10000,users,cold,12,630.8773000000001,5,5400671,20
before,10000,users,cold,13,691.0307000000012,5,5400671,20
before,10000,users,cold,14,656.6216000000004,5,5400671,20
before,10000,users,cold,15,624.4488000000001,5,5400671,20
before,10000,users,cold,16,626.0987999999998,5,5400671,20
before,10000,users,cold,17,669.1599999999999,5,5400671,20
before,10000,users,cold,18,613.6298999999999,5,5400671,20
before,10000,users,cold,19,647.8829999999998,5,5400671,20
before,10000,users,cold,20,604.8868000000002,5,5400671,20
before,10000,users,cold,21,663.5545999999995,5,5400671,20
before,10000,users,cold,22,665.5845000000008,5,5400671,20
before,10000,users,cold,23,612.2429000000011,5,5400671,20
before,10000,users,cold,24,660.5281000000032,5,5400671,20
before,10000,users,cold,25,665.7306000000026,5,5400671,20
before,10000,users,cold,26,672.0861000000004,5,5400671,20
before,10000,users,cold,27,643.5397000000012,5,5400671,20
before,10000,users,cold,28,672.5701999999983,5,5400671,20
before,10000,users,cold,29,646.3598999999995,5,5400671,20
before,10000,users,warm,0,624.9315999999999,5,5400671,20
before,10000,users,warm,1,692.515800000001,5,5400671,20
before,10000,users,warm,2,626.1572000000015,5,5400671,20
before,10000,users,warm,3,690.3708999999981,5,5400671,20
before,10000,users,warm,4,748.6124000000018,5,5400671,20
before,10000,users,warm,5,708.5324,5,5400671,20
before,10000,users,warm,6,701.116399999999,5,5400671,20
before,10000,users,warm,7,708.3688999999977,5,5400671,20
before,10000,users,warm,8,686.3381000000008,5,5400671,20
before,10000,users,warm,9,689.1457000000009,5,5400671,20
before,10000,users,warm,10,733.8013000000064,5,5400671,20
before,10000,users,warm,11,706.7596000000049,5,5400671,20
before,10000,users,warm,12,721.9750000000058,5,5400671,20
before,10000,users,warm,13,703.467899999996,5,5400671,20
before,10000,users,warm,14,722.5040000000008,5,5400671,20
before,10000,users,warm,15,747.5780000000013,5,5400671,20
before,10000,users,warm,16,722.4263999999966,5,5400671,20
before,10000,users,warm,17,718.7883000000002,5,5400671,20
before,10000,users,warm,18,814.0077999999994,5,5400671,20
before,10000,users,warm,19,692.3839000000007,5,5400671,20
before,10000,users,warm,20,821.6970999999976,5,5400671,20
before,10000,users,warm,21,688.3574000000008,5,5400671,20
before,10000,users,warm,22,730.293399999995,5,5400671,20
before,10000,users,warm,23,809.1524999999965,5,5400671,20
before,10000,users,warm,24,726.2849999999962,5,5400671,20
before,10000,users,warm,25,718.9590000000026,5,5400671,20
before,10000,users,warm,26,719.7801000000036,5,5400671,20
before,10000,users,warm,27,777.6846000000005,5,5400671,20
before,10000,users,warm,28,736.8833000000013,5,5400671,20
before,10000,users,warm,29,827.4729000000007,5,5400671,20
before,10000,audit,cold,0,265.9689999999973,3,33413,100
before,10000,audit,cold,1,292.89740000000165,3,33413,100
before,10000,audit,cold,2,278.1085000000021,3,33413,100
before,10000,audit,cold,3,273.47239999999874,3,33413,100
before,10000,audit,cold,4,264.9189000000042,3,33413,100
before,10000,audit,cold,5,215.93569999998726,3,33413,100
before,10000,audit,cold,6,232.12900000000081,3,33413,100
before,10000,audit,cold,7,219.45089999999618,3,33413,100
before,10000,audit,cold,8,207.68330000000424,3,33413,100
before,10000,audit,cold,9,229.04910000000382,3,33413,100
before,10000,audit,cold,10,232.90989999999874,3,33413,100
before,10000,audit,cold,11,256.3228999999992,3,33413,100
before,10000,audit,cold,12,293.0323000000062,3,33413,100
before,10000,audit,cold,13,271.3724999999977,3,33413,100
before,10000,audit,cold,14,273.81350000000384,3,33413,100
before,10000,audit,cold,15,282.72609999999986,3,33413,100
before,10000,audit,cold,16,142.33320000000822,3,33413,100
before,10000,audit,cold,17,137.9545999999973,3,33413,100
before,10000,audit,cold,18,293.530700000003,3,33413,100
before,10000,audit,cold,19,287.82799999999406,3,33413,100
before,10000,audit,cold,20,275.20629999999073,3,33413,100
before,10000,audit,cold,21,267.00139999999374,3,33413,100
before,10000,audit,cold,22,228.44689999999537,3,33413,100
before,10000,audit,cold,23,245.65380000000005,3,33413,100
before,10000,audit,cold,24,255.68079999998736,3,33413,100
before,10000,audit,cold,25,243.53699999999662,3,33413,100
before,10000,audit,cold,26,272.9277000000002,3,33413,100
before,10000,audit,cold,27,283.5121000000072,3,33413,100
before,10000,audit,cold,28,267.93889999999374,3,33413,100
before,10000,audit,cold,29,274.6149999999907,3,33413,100
before,10000,audit,warm,0,226.3796999999904,3,33413,100
before,10000,audit,warm,1,224.95620000000054,3,33413,100
before,10000,audit,warm,2,212.74770000000717,3,33413,100
before,10000,audit,warm,3,226.3917999999976,3,33413,100
before,10000,audit,warm,4,212.81320000000414,3,33413,100
before,10000,audit,warm,5,222.82600000000093,3,33413,100
before,10000,audit,warm,6,219.11040000000503,3,33413,100
before,10000,audit,warm,7,226.53659999999218,3,33413,100
before,10000,audit,warm,8,202.36909999999625,3,33413,100
before,10000,audit,warm,9,279.2097999999969,3,33413,100
before,10000,audit,warm,10,285.3162000000011,3,33413,100
before,10000,audit,warm,11,288.69139999999607,3,33413,100
before,10000,audit,warm,12,271.9267000000109,3,33413,100
before,10000,audit,warm,13,265.9305000000022,3,33413,100
before,10000,audit,warm,14,256.2109999999957,3,33413,100
before,10000,audit,warm,15,236.48099999999977,3,33413,100
before,10000,audit,warm,16,264.81630000000587,3,33413,100
before,10000,audit,warm,17,262.5688999999984,3,33413,100
before,10000,audit,warm,18,251.65439999999944,3,33413,100
before,10000,audit,warm,19,277.0066999999981,3,33413,100
before,10000,audit,warm,20,272.67579999999725,3,33413,100
before,10000,audit,warm,21,271.51140000000305,3,33413,100
before,10000,audit,warm,22,308.49920000000566,3,33413,100
before,10000,audit,warm,23,290.96259999999893,3,33413,100
before,10000,audit,warm,24,266.9154000000126,3,33413,100
before,10000,audit,warm,25,328.8686000000016,3,33413,100
before,10000,audit,warm,26,270.51630000000296,3,33413,100
before,10000,audit,warm,27,266.8274000000092,3,33413,100
before,10000,audit,warm,28,289.8819000000076,3,33413,100
before,10000,audit,warm,29,298.9335999999894,3,33413,100
before,10000,profile,cold,0,193.70900000000006,4,46400,154
before,10000,profile,cold,1,162.64830000000006,4,46400,154
before,10000,profile,cold,2,143.0227,4,46400,154
before,10000,profile,cold,3,165.43880000000013,4,46400,154
before,10000,profile,cold,4,183.3218999999999,4,46400,154
before,10000,profile,cold,5,177.43129999999974,4,46400,154
before,10000,profile,cold,6,191.01719999999978,4,46400,154
before,10000,profile,cold,7,229.43380000000025,4,46400,154
before,10000,profile,cold,8,293.0574999999999,4,46400,154
before,10000,profile,cold,9,299.6012999999998,4,46400,154
before,10000,profile,cold,10,298.03699999999935,4,46400,154
before,10000,profile,cold,11,302.41060000000016,4,46400,154
before,10000,profile,cold,12,298.7527,4,46400,154
before,10000,profile,cold,13,294.5088999999998,4,46400,154
before,10000,profile,cold,14,290.83720000000085,4,46400,154
before,10000,profile,cold,15,301.53679999999986,4,46400,154
before,10000,profile,cold,16,295.1959999999999,4,46400,154
before,10000,profile,cold,17,299.84279999999944,4,46400,154
before,10000,profile,cold,18,291.6337999999996,4,46400,154
before,10000,profile,cold,19,310.84929999999986,4,46400,154
before,10000,profile,cold,20,324.45910000000003,4,46400,154
before,10000,profile,cold,21,317.83640000000014,4,46400,154
before,10000,profile,cold,22,291.02460000000065,4,46400,154
before,10000,profile,cold,23,288.6198999999997,4,46400,154
before,10000,profile,cold,24,290.8055000000004,4,46400,154
before,10000,profile,cold,25,295.3789000000015,4,46400,154
before,10000,profile,cold,26,289.2476999999999,4,46400,154
before,10000,profile,cold,27,285.27779999999984,4,46400,154
before,10000,profile,cold,28,298.6735000000008,4,46400,154
before,10000,profile,cold,29,293.72170000000006,4,46400,154
before,10000,profile,warm,0,249.03029999999853,4,46400,154
before,10000,profile,warm,1,225.77420000000166,4,46400,154
before,10000,profile,warm,2,237.6916000000001,4,46400,154
before,10000,profile,warm,3,265.9425999999985,4,46400,154
before,10000,profile,warm,4,251.96570000000065,4,46400,154
before,10000,profile,warm,5,257.77160000000003,4,46400,154
before,10000,profile,warm,6,247.34189999999944,4,46400,154
before,10000,profile,warm,7,227.22630000000208,4,46400,154
before,10000,profile,warm,8,219.818299999999,4,46400,154
before,10000,profile,warm,9,306.8587000000007,4,46400,154
before,10000,profile,warm,10,271.76030000000173,4,46400,154
before,10000,profile,warm,11,296.02850000000035,4,46400,154
before,10000,profile,warm,12,298.2576000000008,4,46400,154
before,10000,profile,warm,13,287.0577999999987,4,46400,154
before,10000,profile,warm,14,297.7504999999983,4,46400,154
before,10000,profile,warm,15,282.873599999999,4,46400,154
before,10000,profile,warm,16,309.3078999999998,4,46400,154
before,10000,profile,warm,17,325.178899999999,4,46400,154
before,10000,profile,warm,18,298.8266000000003,4,46400,154
before,10000,profile,warm,19,337.46529999999984,4,46400,154
before,10000,profile,warm,20,309.04719999999725,4,46400,154
before,10000,profile,warm,21,281.89420000000246,4,46400,154
before,10000,profile,warm,22,286.96659999999974,4,46400,154
before,10000,profile,warm,23,265.60180000000037,4,46400,154
before,10000,profile,warm,24,328.49649999999747,4,46400,154
before,10000,profile,warm,25,326.52779999999984,4,46400,154
before,10000,profile,warm,26,323.89020000000164,4,46400,154
before,10000,profile,warm,27,328.6001000000033,4,46400,154
before,10000,profile,warm,28,333.78930000000037,4,46400,154
before,10000,profile,warm,29,330.02639999999883,4,46400,154
after,40,users,cold,0,617.8033000000001,3,13060,20
after,40,users,cold,1,144.1839,3,13060,20
after,40,users,cold,2,161.93259999999987,3,13060,20
after,40,users,cold,3,145.5700999999999,3,13060,20
after,40,users,cold,4,188.8191999999999,3,13060,20
after,40,users,cold,5,180.1203999999998,3,13060,20
after,40,users,cold,6,200.25279999999975,3,13060,20
after,40,users,cold,7,288.3146999999999,3,13060,20
after,40,users,cold,8,293.2208999999998,3,13060,20
after,40,users,cold,9,320.21099999999933,3,13060,20
after,40,users,cold,10,298.4358999999995,3,13060,20
after,40,users,cold,11,317.14890000000014,3,13060,20
after,40,users,cold,12,293.33150000000023,3,13060,20
after,40,users,cold,13,314.3859000000002,3,13060,20
after,40,users,cold,14,299.72310000000016,3,13060,20
after,40,users,cold,15,306.96140000000014,3,13060,20
after,40,users,cold,16,293.0668000000005,3,13060,20
after,40,users,cold,17,340.22869999999966,3,13060,20
after,40,users,cold,18,314.40339999999924,3,13060,20
after,40,users,cold,19,289.27289999999994,3,13060,20
after,40,users,cold,20,325.0174999999999,3,13060,20
after,40,users,cold,21,290.5704999999998,3,13060,20
after,40,users,cold,22,295.7590999999993,3,13060,20
after,40,users,cold,23,215.62270000000171,3,13060,20
after,40,users,cold,24,146.98259999999937,3,13060,20
after,40,users,cold,25,308.6813999999995,3,13060,20
after,40,users,cold,26,315.27429999999913,3,13060,20
after,40,users,cold,27,303.0033999999996,3,13060,20
after,40,users,cold,28,315.04749999999876,3,13060,20
after,40,users,cold,29,293.54019999999946,3,13060,20
after,40,users,warm,0,247.4940000000006,3,13060,20
after,40,users,warm,1,245.16800000000148,3,13060,20
after,40,users,warm,2,228.23270000000048,3,13060,20
after,40,users,warm,3,250.84209999999803,3,13060,20
after,40,users,warm,4,209.1164000000026,3,13060,20
after,40,users,warm,5,211.85800000000017,3,13060,20
after,40,users,warm,6,200.2459000000017,3,13060,20
after,40,users,warm,7,191.84550000000309,3,13060,20
after,40,users,warm,8,217.7453999999998,3,13060,20
after,40,users,warm,9,299.1778000000013,3,13060,20
after,40,users,warm,10,328.3846000000012,3,13060,20
after,40,users,warm,11,253.82890000000043,3,13060,20
after,40,users,warm,12,312.10619999999835,3,13060,20
after,40,users,warm,13,307.44720000000234,3,13060,20
after,40,users,warm,14,298.5164999999979,3,13060,20
after,40,users,warm,15,306.53930000000037,3,13060,20
after,40,users,warm,16,303.91569999999774,3,13060,20
after,40,users,warm,17,344.08460000000196,3,13060,20
after,40,users,warm,18,305.5642000000007,3,13060,20
after,40,users,warm,19,290.6570999999967,3,13060,20
after,40,users,warm,20,303.42679999999746,3,13060,20
after,40,users,warm,21,325.6222999999991,3,13060,20
after,40,users,warm,22,306.21589999999924,3,13060,20
after,40,users,warm,23,284.1011000000035,3,13060,20
after,40,users,warm,24,306.08640000000014,3,13060,20
after,40,users,warm,25,303.0453000000016,3,13060,20
after,40,users,warm,26,303.39510000000155,3,13060,20
after,40,users,warm,27,345.83120000000054,3,13060,20
after,40,users,warm,28,284.0691000000006,3,13060,20
after,40,users,warm,29,313.3906999999999,3,13060,20
after,40,profile,cold,0,350.1928999999982,3,2220,1
after,40,profile,cold,1,327.3371999999981,3,2220,1
after,40,profile,cold,2,305.3868999999977,3,2220,1
after,40,profile,cold,3,319.46389999999883,3,2220,1
after,40,profile,cold,4,315.8054999999986,3,2220,1
after,40,profile,cold,5,286.90109999999913,3,2220,1
after,40,profile,cold,6,319.1024000000034,3,2220,1
after,40,profile,cold,7,309.119999999999,3,2220,1
after,40,profile,cold,8,342.52999999999884,3,2220,1
after,40,profile,cold,9,315.83690000000206,3,2220,1
after,40,profile,cold,10,321.0512999999992,3,2220,1
after,40,profile,cold,11,337.58850000000166,3,2220,1
after,40,profile,cold,12,316.8929999999964,3,2220,1
after,40,profile,cold,13,320.3845000000001,3,2220,1
after,40,profile,cold,14,319.9444999999978,3,2220,1
after,40,profile,cold,15,324.44950000000244,3,2220,1
after,40,profile,cold,16,309.848699999995,3,2220,1
after,40,profile,cold,17,325.6316999999981,3,2220,1
after,40,profile,cold,18,307.8072000000029,3,2220,1
after,40,profile,cold,19,326.7320999999938,3,2220,1
after,40,profile,cold,20,312.41330000000016,3,2220,1
after,40,profile,cold,21,323.0573000000004,3,2220,1
after,40,profile,cold,22,299.9470999999976,3,2220,1
after,40,profile,cold,23,318.72529999999824,3,2220,1
after,40,profile,cold,24,316.6330999999991,3,2220,1
after,40,profile,cold,25,298.6793000000034,3,2220,1
after,40,profile,cold,26,316.5836999999956,3,2220,1
after,40,profile,cold,27,301.82500000000437,3,2220,1
after,40,profile,cold,28,308.85579999999754,3,2220,1
after,40,profile,cold,29,292.3353999999963,3,2220,1
after,40,profile,warm,0,232.1073000000033,3,2220,1
after,40,profile,warm,1,211.03620000000228,3,2220,1
after,40,profile,warm,2,225.2520000000004,3,2220,1
after,40,profile,warm,3,203.4988000000012,3,2220,1
after,40,profile,warm,4,217.63040000000183,3,2220,1
after,40,profile,warm,5,232.53759999999602,3,2220,1
after,40,profile,warm,6,240.094600000004,3,2220,1
after,40,profile,warm,7,234.4577999999965,3,2220,1
after,40,profile,warm,8,223.31060000000434,3,2220,1
after,40,profile,warm,9,263.4733999999953,3,2220,1
after,40,profile,warm,10,284.9828999999954,3,2220,1
after,40,profile,warm,11,258.71229999999923,3,2220,1
after,40,profile,warm,12,277.1741000000038,3,2220,1
after,40,profile,warm,13,261.4452999999994,3,2220,1
after,40,profile,warm,14,289.0760999999984,3,2220,1
after,40,profile,warm,15,274.70580000000336,3,2220,1
after,40,profile,warm,16,283.4654999999984,3,2220,1
after,40,profile,warm,17,291.9912999999942,3,2220,1
after,40,profile,warm,18,270.5008999999991,3,2220,1
after,40,profile,warm,19,281.8570999999938,3,2220,1
after,40,profile,warm,20,290.99810000000434,3,2220,1
after,40,profile,warm,21,272.06439999999566,3,2220,1
after,40,profile,warm,22,278.4611999999979,3,2220,1
after,40,profile,warm,23,275.55609999999433,3,2220,1
after,40,profile,warm,24,276.37430000000313,3,2220,1
after,40,profile,warm,25,274.14829999999347,3,2220,1
after,40,profile,warm,26,281.2332999999999,3,2220,1
after,40,profile,warm,27,246.19250000000466,3,2220,1
after,40,profile,warm,28,236.16700000000128,3,2220,1
after,40,profile,warm,29,252.13500000000204,3,2220,1
after,40,audit,cold,0,290.4881999999998,3,8024,20
after,40,audit,cold,1,268.8067999999985,3,8024,20
after,40,audit,cold,2,291.1313999999984,3,8024,20
after,40,audit,cold,3,271.2549999999974,3,8024,20
after,40,audit,cold,4,295.20530000000144,3,8024,20
after,40,audit,cold,5,259.37199999999575,3,8024,20
after,40,audit,cold,6,248.1921000000002,3,8024,20
after,40,audit,cold,7,237.07110000000102,3,8024,20
after,40,audit,cold,8,240.2453999999998,3,8024,20
after,40,audit,cold,9,248.0023000000001,3,8024,20
after,40,audit,cold,10,233.47050000000309,3,8024,20
after,40,audit,cold,11,227.16649999999936,3,8024,20
after,40,audit,cold,12,228.07300000000396,3,8024,20
after,40,audit,cold,13,292.57480000000214,3,8024,20
after,40,audit,cold,14,284.2620999999999,3,8024,20
after,40,audit,cold,15,300.78139999999985,3,8024,20
after,40,audit,cold,16,308.72239999999874,3,8024,20
after,40,audit,cold,17,304.39910000000236,3,8024,20
after,40,audit,cold,18,316.3093000000008,3,8024,20
after,40,audit,cold,19,304.23910000000615,3,8024,20
after,40,audit,cold,20,308.58720000000176,3,8024,20
after,40,audit,cold,21,305.66979999999603,3,8024,20
after,40,audit,cold,22,292.052300000003,3,8024,20
after,40,audit,cold,23,298.77640000000247,3,8024,20
after,40,audit,cold,24,282.6353999999992,3,8024,20
after,40,audit,cold,25,248.24640000000363,3,8024,20
after,40,audit,cold,26,138.05049999999756,3,8024,20
after,40,audit,cold,27,208.2670000000071,3,8024,20
after,40,audit,cold,28,292.1515000000072,3,8024,20
after,40,audit,cold,29,297.9537999999884,3,8024,20
after,40,audit,warm,0,211.91339999999036,3,8024,20
after,40,audit,warm,1,224.02760000000126,3,8024,20
after,40,audit,warm,2,211.32719999999972,3,8024,20
after,40,audit,warm,3,223.87489999999525,3,8024,20
after,40,audit,warm,4,210.15020000000368,3,8024,20
after,40,audit,warm,5,253.5046000000002,3,8024,20
after,40,audit,warm,6,228.67720000000554,3,8024,20
after,40,audit,warm,7,211.221000000005,3,8024,20
after,40,audit,warm,8,242.63950000000477,3,8024,20
after,40,audit,warm,9,252.39280000000144,3,8024,20
after,40,audit,warm,10,280.42600000000675,3,8024,20
after,40,audit,warm,11,288.79090000000724,3,8024,20
after,40,audit,warm,12,273.5576999999903,3,8024,20
after,40,audit,warm,13,245.9545999999973,3,8024,20
after,40,audit,warm,14,267.35729999998875,3,8024,20
after,40,audit,warm,15,296.0593999999983,3,8024,20
after,40,audit,warm,16,274.18760000000475,3,8024,20
after,40,audit,warm,17,284.5,3,8024,20
after,40,audit,warm,18,274.36879999999655,3,8024,20
after,40,audit,warm,19,299.6228000000119,3,8024,20
after,40,audit,warm,20,286.9765000000043,3,8024,20
after,40,audit,warm,21,295.0975999999937,3,8024,20
after,40,audit,warm,22,297.6918000000005,3,8024,20
after,40,audit,warm,23,291.9753999999957,3,8024,20
after,40,audit,warm,24,305.469299999997,3,8024,20
after,40,audit,warm,25,290.34010000000126,3,8024,20
after,40,audit,warm,26,300.6560000000027,3,8024,20
after,40,audit,warm,27,283.6877999999997,3,8024,20
after,40,audit,warm,28,271.5582999999897,3,8024,20
after,40,audit,warm,29,310.14019999999437,3,8024,20
after,1000,users,cold,0,205.59770000000003,3,13065,20
after,1000,users,cold,1,159.9163000000001,3,13065,20
after,1000,users,cold,2,148.75330000000008,3,13065,20
after,1000,users,cold,3,147.43380000000002,3,13065,20
after,1000,users,cold,4,143.09789999999998,3,13065,20
after,1000,users,cold,5,162.0951,3,13065,20
after,1000,users,cold,6,153.0918999999999,3,13065,20
after,1000,users,cold,7,165.22339999999986,3,13065,20
after,1000,users,cold,8,191.3523,3,13065,20
after,1000,users,cold,9,342.0533999999998,3,13065,20
after,1000,users,cold,10,326.72350000000006,3,13065,20
after,1000,users,cold,11,289.1293999999998,3,13065,20
after,1000,users,cold,12,311.0558999999994,3,13065,20
after,1000,users,cold,13,331.91499999999996,3,13065,20
after,1000,users,cold,14,310.77260000000024,3,13065,20
after,1000,users,cold,15,313.3116,3,13065,20
after,1000,users,cold,16,315.5558000000001,3,13065,20
after,1000,users,cold,17,312.89830000000075,3,13065,20
after,1000,users,cold,18,294.1035000000011,3,13065,20
after,1000,users,cold,19,301.46539999999914,3,13065,20
after,1000,users,cold,20,299.6843000000008,3,13065,20
after,1000,users,cold,21,312.3737000000001,3,13065,20
after,1000,users,cold,22,278.92369999999937,3,13065,20
after,1000,users,cold,23,262.7568999999985,3,13065,20
after,1000,users,cold,24,313.3177999999989,3,13065,20
after,1000,users,cold,25,296.5084999999999,3,13065,20
after,1000,users,cold,26,260.1404000000002,3,13065,20
after,1000,users,cold,27,198.92250000000058,3,13065,20
after,1000,users,cold,28,154.14209999999912,3,13065,20
after,1000,users,cold,29,319.83549999999923,3,13065,20
after,1000,users,warm,0,255.76500000000124,3,13065,20
after,1000,users,warm,1,256.29259999999886,3,13065,20
after,1000,users,warm,2,271.65819999999985,3,13065,20
after,1000,users,warm,3,244.08269999999902,3,13065,20
after,1000,users,warm,4,245.34439999999995,3,13065,20
after,1000,users,warm,5,258.52479999999923,3,13065,20
after,1000,users,warm,6,243.6960999999974,3,13065,20
after,1000,users,warm,7,227.91769999999815,3,13065,20
after,1000,users,warm,8,323.96480000000156,3,13065,20
after,1000,users,warm,9,288.4822000000022,3,13065,20
after,1000,users,warm,10,314.34850000000006,3,13065,20
after,1000,users,warm,11,281.5714000000007,3,13065,20
after,1000,users,warm,12,315.5159999999996,3,13065,20
after,1000,users,warm,13,315.049500000001,3,13065,20
after,1000,users,warm,14,265.1772999999994,3,13065,20
after,1000,users,warm,15,313.3237000000008,3,13065,20
after,1000,users,warm,16,303.09100000000035,3,13065,20
after,1000,users,warm,17,307.77839999999924,3,13065,20
after,1000,users,warm,18,303.07620000000315,3,13065,20
after,1000,users,warm,19,306.5939000000035,3,13065,20
after,1000,users,warm,20,304.5894999999982,3,13065,20
after,1000,users,warm,21,279.3112000000001,3,13065,20
after,1000,users,warm,22,316.85649999999805,3,13065,20
after,1000,users,warm,23,311.1743000000024,3,13065,20
after,1000,users,warm,24,319.6124000000018,3,13065,20
after,1000,users,warm,25,307.01980000000185,3,13065,20
after,1000,users,warm,26,330.3517000000029,3,13065,20
after,1000,users,warm,27,295.88570000000254,3,13065,20
after,1000,users,warm,28,333.18169999999736,3,13065,20
after,1000,users,warm,29,309.5782999999974,3,13065,20
after,1000,profile,cold,0,332.7633999999998,3,2222,1
after,1000,profile,cold,1,304.08060000000114,3,2222,1
after,1000,profile,cold,2,325.5463000000018,3,2222,1
after,1000,profile,cold,3,294.84530000000086,3,2222,1
after,1000,profile,cold,4,266.411500000002,3,2222,1
after,1000,profile,cold,5,284.8899999999994,3,2222,1
after,1000,profile,cold,6,284.59280000000217,3,2222,1
after,1000,profile,cold,7,262.80179999999746,3,2222,1
after,1000,profile,cold,8,277.905700000003,3,2222,1
after,1000,profile,cold,9,296.5402000000031,3,2222,1
after,1000,profile,cold,10,323.47199999999793,3,2222,1
after,1000,profile,cold,11,325.0529999999999,3,2222,1
after,1000,profile,cold,12,320.78399999999965,3,2222,1
after,1000,profile,cold,13,326.0167000000001,3,2222,1
after,1000,profile,cold,14,317.81370000000607,3,2222,1
after,1000,profile,cold,15,289.3580000000002,3,2222,1
after,1000,profile,cold,16,316.70130000000063,3,2222,1
after,1000,profile,cold,17,306.8767999999982,3,2222,1
after,1000,profile,cold,18,330.17369999999937,3,2222,1
after,1000,profile,cold,19,327.091499999995,3,2222,1
after,1000,profile,cold,20,318.5926999999938,3,2222,1
after,1000,profile,cold,21,272.21110000000044,3,2222,1
after,1000,profile,cold,22,325.0503000000026,3,2222,1
after,1000,profile,cold,23,306.73970000000554,3,2222,1
after,1000,profile,cold,24,295.54389999999694,3,2222,1
after,1000,profile,cold,25,315.4652999999962,3,2222,1
after,1000,profile,cold,26,331.73719999999594,3,2222,1
after,1000,profile,cold,27,323.37579999999434,3,2222,1
after,1000,profile,cold,28,320.274900000004,3,2222,1
after,1000,profile,cold,29,328.1276000000071,3,2222,1
after,1000,profile,warm,0,238.77590000000055,3,2222,1
after,1000,profile,warm,1,216.77539999999863,3,2222,1
after,1000,profile,warm,2,237.69719999999506,3,2222,1
after,1000,profile,warm,3,241.95679999999993,3,2222,1
after,1000,profile,warm,4,241.05809999999474,3,2222,1
after,1000,profile,warm,5,239.92689999999857,3,2222,1
after,1000,profile,warm,6,224.55189999999857,3,2222,1
after,1000,profile,warm,7,226.46399999999994,3,2222,1
after,1000,profile,warm,8,219.261599999998,3,2222,1
after,1000,profile,warm,9,237.06170000000566,3,2222,1
after,1000,profile,warm,10,269.3073000000004,3,2222,1
after,1000,profile,warm,11,288.7566999999981,3,2222,1
after,1000,profile,warm,12,257.13669999999547,3,2222,1
after,1000,profile,warm,13,284.1631999999954,3,2222,1
after,1000,profile,warm,14,274.6857999999993,3,2222,1
after,1000,profile,warm,15,290.8683999999994,3,2222,1
after,1000,profile,warm,16,251.84010000000126,3,2222,1
after,1000,profile,warm,17,265.5174000000043,3,2222,1
after,1000,profile,warm,18,259.72649999999703,3,2222,1
after,1000,profile,warm,19,264.77960000000166,3,2222,1
after,1000,profile,warm,20,269.0240999999951,3,2222,1
after,1000,profile,warm,21,280.4377999999997,3,2222,1
after,1000,profile,warm,22,275.79379999999946,3,2222,1
after,1000,profile,warm,23,298.9319000000032,3,2222,1
after,1000,profile,warm,24,293.15400000000227,3,2222,1
after,1000,profile,warm,25,269.0564000000013,3,2222,1
after,1000,profile,warm,26,271.9760000000024,3,2222,1
after,1000,profile,warm,27,280.5795999999973,3,2222,1
after,1000,profile,warm,28,270.0426000000007,3,2222,1
after,1000,profile,warm,29,269.73539999999775,3,2222,1
after,1000,audit,cold,0,293.00790000000416,3,8029,20
after,1000,audit,cold,1,284.7514999999985,3,8029,20
after,1000,audit,cold,2,285.08630000000267,3,8029,20
after,1000,audit,cold,3,277.9032999999981,3,8029,20
after,1000,audit,cold,4,263.7734999999957,3,8029,20
after,1000,audit,cold,5,294.5239999999976,3,8029,20
after,1000,audit,cold,6,283.53809999999794,3,8029,20
after,1000,audit,cold,7,273.22490000000107,3,8029,20
after,1000,audit,cold,8,253.16709999999875,3,8029,20
after,1000,audit,cold,9,256.06039999999484,3,8029,20
after,1000,audit,cold,10,240.6788000000015,3,8029,20
after,1000,audit,cold,11,243.98240000000078,3,8029,20
after,1000,audit,cold,12,234.13789999999426,3,8029,20
after,1000,audit,cold,13,249.27960000000166,3,8029,20
after,1000,audit,cold,14,248.20910000000003,3,8029,20
after,1000,audit,cold,15,241.8614000000016,3,8029,20
after,1000,audit,cold,16,247.54750000000058,3,8029,20
after,1000,audit,cold,17,263.39019999999437,3,8029,20
after,1000,audit,cold,18,232.04129999999714,3,8029,20
after,1000,audit,cold,19,283.22939999999653,3,8029,20
after,1000,audit,cold,20,286.8061999999991,3,8029,20
after,1000,audit,cold,21,286.08780000000115,3,8029,20
after,1000,audit,cold,22,283.001400000001,3,8029,20
after,1000,audit,cold,23,296.4565999999977,3,8029,20
after,1000,audit,cold,24,305.64250000000175,3,8029,20
after,1000,audit,cold,25,286.425900000002,3,8029,20
after,1000,audit,cold,26,291.7387999999992,3,8029,20
after,1000,audit,cold,27,293.52509999999893,3,8029,20
after,1000,audit,cold,28,286.549600000013,3,8029,20
after,1000,audit,cold,29,279.1015999999945,3,8029,20
after,1000,audit,warm,0,233.0630999999994,3,8029,20
after,1000,audit,warm,1,194.045100000003,3,8029,20
after,1000,audit,warm,2,192.63679999999295,3,8029,20
after,1000,audit,warm,3,208.21189999999478,3,8029,20
after,1000,audit,warm,4,213.560799999992,3,8029,20
after,1000,audit,warm,5,182.58630000000994,3,8029,20
after,1000,audit,warm,6,229.619200000001,3,8029,20
after,1000,audit,warm,7,184.70290000000386,3,8029,20
after,1000,audit,warm,8,212.18450000000303,3,8029,20
after,1000,audit,warm,9,202.40159999999742,3,8029,20
after,1000,audit,warm,10,238.8683999999921,3,8029,20
after,1000,audit,warm,11,265.5981000000029,3,8029,20
after,1000,audit,warm,12,283.1561999999976,3,8029,20
after,1000,audit,warm,13,245.50419999999576,3,8029,20
after,1000,audit,warm,14,261.21169999999984,3,8029,20
after,1000,audit,warm,15,251.92349999998987,3,8029,20
after,1000,audit,warm,16,258.71489999999176,3,8029,20
after,1000,audit,warm,17,276.9719000000041,3,8029,20
after,1000,audit,warm,18,265.10959999999614,3,8029,20
after,1000,audit,warm,19,298.68679999999586,3,8029,20
after,1000,audit,warm,20,250.81700000001,3,8029,20
after,1000,audit,warm,21,260.153999999995,3,8029,20
after,1000,audit,warm,22,271.3316999999952,3,8029,20
after,1000,audit,warm,23,302.56609999999637,3,8029,20
after,1000,audit,warm,24,296.25689999999304,3,8029,20
after,1000,audit,warm,25,283.7526000000071,3,8029,20
after,1000,audit,warm,26,292.0034000000014,3,8029,20
after,1000,audit,warm,27,298.3654999999999,3,8029,20
after,1000,audit,warm,28,276.9291999999987,3,8029,20
after,1000,audit,warm,29,260.7305000000051,3,8029,20
after,10000,users,cold,0,200.02210000000002,3,13068,20
after,10000,users,cold,1,167.0281000000001,3,13068,20
after,10000,users,cold,2,149.58269999999993,3,13068,20
after,10000,users,cold,3,147.4065999999998,3,13068,20
after,10000,users,cold,4,171.34710000000018,3,13068,20
after,10000,users,cold,5,198.50710000000026,3,13068,20
after,10000,users,cold,6,158.13009999999986,3,13068,20
after,10000,users,cold,7,223.5020999999997,3,13068,20
after,10000,users,cold,8,320.2978000000003,3,13068,20
after,10000,users,cold,9,345.1963999999998,3,13068,20
after,10000,users,cold,10,350.47760000000017,3,13068,20
after,10000,users,cold,11,319.95970000000034,3,13068,20
after,10000,users,cold,12,314.41839999999956,3,13068,20
after,10000,users,cold,13,318.10549999999967,3,13068,20
after,10000,users,cold,14,306.26980000000003,3,13068,20
after,10000,users,cold,15,326.66700000000037,3,13068,20
after,10000,users,cold,16,318.90320000000065,3,13068,20
after,10000,users,cold,17,329.10779999999977,3,13068,20
after,10000,users,cold,18,313.34109999999964,3,13068,20
after,10000,users,cold,19,262.1190999999999,3,13068,20
after,10000,users,cold,20,276.91660000000047,3,13068,20
after,10000,users,cold,21,295.5169999999998,3,13068,20
after,10000,users,cold,22,284.4555999999993,3,13068,20
after,10000,users,cold,23,337.90730000000076,3,13068,20
after,10000,users,cold,24,320.1121999999996,3,13068,20
after,10000,users,cold,25,311.6748000000007,3,13068,20
after,10000,users,cold,26,322.8141999999989,3,13068,20
after,10000,users,cold,27,305.22489999999925,3,13068,20
after,10000,users,cold,28,342.89930000000095,3,13068,20
after,10000,users,cold,29,315.6706000000013,3,13068,20
after,10000,users,warm,0,249.1877000000004,3,13068,20
after,10000,users,warm,1,248.85529999999926,3,13068,20
after,10000,users,warm,2,256.20590000000084,3,13068,20
after,10000,users,warm,3,267.59939999999915,3,13068,20
after,10000,users,warm,4,244.04680000000008,3,13068,20
after,10000,users,warm,5,227.58520000000135,3,13068,20
after,10000,users,warm,6,230.05069999999978,3,13068,20
after,10000,users,warm,7,228.96020000000135,3,13068,20
after,10000,users,warm,8,282.1980000000003,3,13068,20
after,10000,users,warm,9,292.9490000000005,3,13068,20
after,10000,users,warm,10,289.34890000000087,3,13068,20
after,10000,users,warm,11,321.1686000000009,3,13068,20
after,10000,users,warm,12,286.04030000000057,3,13068,20
after,10000,users,warm,13,313.0194999999985,3,13068,20
after,10000,users,warm,14,276.4944000000032,3,13068,20
after,10000,users,warm,15,303.2458999999981,3,13068,20
after,10000,users,warm,16,283.6486999999979,3,13068,20
after,10000,users,warm,17,281.3037000000004,3,13068,20
after,10000,users,warm,18,292.747000000003,3,13068,20
after,10000,users,warm,19,325.85329999999885,3,13068,20
after,10000,users,warm,20,325.7605000000003,3,13068,20
after,10000,users,warm,21,296.7579000000005,3,13068,20
after,10000,users,warm,22,277.9408000000003,3,13068,20
after,10000,users,warm,23,280.3775999999998,3,13068,20
after,10000,users,warm,24,279.9340999999986,3,13068,20
after,10000,users,warm,25,279.446100000001,3,13068,20
after,10000,users,warm,26,258.20910000000003,3,13068,20
after,10000,users,warm,27,290.4282999999996,3,13068,20
after,10000,users,warm,28,299.1677000000018,3,13068,20
after,10000,users,warm,29,306.08840000000055,3,13068,20
after,10000,profile,cold,0,320.5640999999996,3,2223,1
after,10000,profile,cold,1,298.4938000000002,3,2223,1
after,10000,profile,cold,2,301.1817999999985,3,2223,1
after,10000,profile,cold,3,140.60249999999724,3,2223,1
after,10000,profile,cold,4,197.96229999999923,3,2223,1
after,10000,profile,cold,5,310.89530000000013,3,2223,1
after,10000,profile,cold,6,327.36599999999817,3,2223,1
after,10000,profile,cold,7,312.1785000000018,3,2223,1
after,10000,profile,cold,8,315.7415000000001,3,2223,1
after,10000,profile,cold,9,310.9845999999998,3,2223,1
after,10000,profile,cold,10,298.96259999999893,3,2223,1
after,10000,profile,cold,11,341.2166999999972,3,2223,1
after,10000,profile,cold,12,334.93689999999697,3,2223,1
after,10000,profile,cold,13,311.282100000004,3,2223,1
after,10000,profile,cold,14,310.0839000000051,3,2223,1
after,10000,profile,cold,15,313.0862000000052,3,2223,1
after,10000,profile,cold,16,308.125300000007,3,2223,1
after,10000,profile,cold,17,298.2869999999966,3,2223,1
after,10000,profile,cold,18,304.2988000000041,3,2223,1
after,10000,profile,cold,19,307.77350000000297,3,2223,1
after,10000,profile,cold,20,309.7950999999957,3,2223,1
after,10000,profile,cold,21,309.81720000000496,3,2223,1
after,10000,profile,cold,22,320.48519999999553,3,2223,1
after,10000,profile,cold,23,320.9435000000012,3,2223,1
after,10000,profile,cold,24,315.8294999999998,3,2223,1
after,10000,profile,cold,25,318.41739999999845,3,2223,1
after,10000,profile,cold,26,308.1421999999948,3,2223,1
after,10000,profile,cold,27,294.0315999999948,3,2223,1
after,10000,profile,cold,28,269.3870999999999,3,2223,1
after,10000,profile,cold,29,283.550900000002,3,2223,1
after,10000,profile,warm,0,238.78490000000602,3,2223,1
after,10000,profile,warm,1,238.8975999999966,3,2223,1
after,10000,profile,warm,2,247.05219999999827,3,2223,1
after,10000,profile,warm,3,243.27260000000388,3,2223,1
after,10000,profile,warm,4,215.96699999999691,3,2223,1
after,10000,profile,warm,5,250.65449999999691,3,2223,1
after,10000,profile,warm,6,237.4988000000012,3,2223,1
after,10000,profile,warm,7,240.6559000000052,3,2223,1
after,10000,profile,warm,8,253.89590000000317,3,2223,1
after,10000,profile,warm,9,279.2462999999989,3,2223,1
after,10000,profile,warm,10,257.7098999999944,3,2223,1
after,10000,profile,warm,11,238.39370000000054,3,2223,1
after,10000,profile,warm,12,247.58299999999872,3,2223,1
after,10000,profile,warm,13,247.51109999999608,3,2223,1
after,10000,profile,warm,14,275.1686000000045,3,2223,1
after,10000,profile,warm,15,253.50570000000153,3,2223,1
after,10000,profile,warm,16,241.89289999999892,3,2223,1
after,10000,profile,warm,17,280.9716000000044,3,2223,1
after,10000,profile,warm,18,272.9811000000045,3,2223,1
after,10000,profile,warm,19,263.73739999999816,3,2223,1
after,10000,profile,warm,20,266.6067999999941,3,2223,1
after,10000,profile,warm,21,253.20359999999346,3,2223,1
after,10000,profile,warm,22,264.6724000000031,3,2223,1
after,10000,profile,warm,23,340.5978000000032,3,2223,1
after,10000,profile,warm,24,294.3064999999988,3,2223,1
after,10000,profile,warm,25,269.21770000000106,3,2223,1
after,10000,profile,warm,26,289.8139999999985,3,2223,1
after,10000,profile,warm,27,273.90980000000127,3,2223,1
after,10000,profile,warm,28,286.53949999999895,3,2223,1
after,10000,profile,warm,29,302.2505000000019,3,2223,1
after,10000,audit,cold,0,247.72439999999915,3,8032,20
after,10000,audit,cold,1,267.73249999999825,3,8032,20
after,10000,audit,cold,2,240.4406999999992,3,8032,20
after,10000,audit,cold,3,286.09500000000116,3,8032,20
after,10000,audit,cold,4,260.5069999999978,3,8032,20
after,10000,audit,cold,5,275.6508000000031,3,8032,20
after,10000,audit,cold,6,302.45239999999467,3,8032,20
after,10000,audit,cold,7,286.94609999999375,3,8032,20
after,10000,audit,cold,8,285.0590999999986,3,8032,20
after,10000,audit,cold,9,296.122000000003,3,8032,20
after,10000,audit,cold,10,219.41570000000502,3,8032,20
after,10000,audit,cold,11,239.27760000000126,3,8032,20
after,10000,audit,cold,12,271.7698999999993,3,8032,20
after,10000,audit,cold,13,278.98829999999725,3,8032,20
after,10000,audit,cold,14,309.03809999999794,3,8032,20
after,10000,audit,cold,15,301.3602000000028,3,8032,20
after,10000,audit,cold,16,293.85599999999977,3,8032,20
after,10000,audit,cold,17,296.81379999999626,3,8032,20
after,10000,audit,cold,18,286.792300000001,3,8032,20
after,10000,audit,cold,19,314.2152999999962,3,8032,20
after,10000,audit,cold,20,315.1684000000023,3,8032,20
after,10000,audit,cold,21,303.63700000000244,3,8032,20
after,10000,audit,cold,22,281.87080000000424,3,8032,20
after,10000,audit,cold,23,285.08920000000217,3,8032,20
after,10000,audit,cold,24,292.072699999997,3,8032,20
after,10000,audit,cold,25,285.85659999999916,3,8032,20
after,10000,audit,cold,26,261.1278999999922,3,8032,20
after,10000,audit,cold,27,266.9204000000027,3,8032,20
after,10000,audit,cold,28,268.2816000000021,3,8032,20
after,10000,audit,cold,29,288.7381999999925,3,8032,20
after,10000,audit,warm,0,202.62739999999758,3,8032,20
after,10000,audit,warm,1,216.05950000000303,3,8032,20
after,10000,audit,warm,2,217.11130000000412,3,8032,20
after,10000,audit,warm,3,213.97090000000026,3,8032,20
after,10000,audit,warm,4,245.80370000000403,3,8032,20
after,10000,audit,warm,5,199.45500000000175,3,8032,20
after,10000,audit,warm,6,202.78230000000622,3,8032,20
after,10000,audit,warm,7,183.57219999999506,3,8032,20
after,10000,audit,warm,8,238.5613000000012,3,8032,20
after,10000,audit,warm,9,238.983899999992,3,8032,20
after,10000,audit,warm,10,271.4765000000043,3,8032,20
after,10000,audit,warm,11,289.28489999999874,3,8032,20
after,10000,audit,warm,12,287.37639999999374,3,8032,20
after,10000,audit,warm,13,243.65039999999863,3,8032,20
after,10000,audit,warm,14,235.82880000000296,3,8032,20
after,10000,audit,warm,15,247.170100000003,3,8032,20
after,10000,audit,warm,16,247.7276000000129,3,8032,20
after,10000,audit,warm,17,239.42789999999513,3,8032,20
after,10000,audit,warm,18,253.98049999999057,3,8032,20
after,10000,audit,warm,19,260.4024999999965,3,8032,20
after,10000,audit,warm,20,249.53489999999874,3,8032,20
after,10000,audit,warm,21,274.5389000000141,3,8032,20
after,10000,audit,warm,22,278.9401000000071,3,8032,20
after,10000,audit,warm,23,253.73309999999765,3,8032,20
after,10000,audit,warm,24,257.7578000000067,3,8032,20
after,10000,audit,warm,25,235.17750000000524,3,8032,20
after,10000,audit,warm,26,275.6417999999976,3,8032,20
after,10000,audit,warm,27,258.84730000000854,3,8032,20
after,10000,audit,warm,28,287.66440000000875,3,8032,20
after,10000,audit,warm,29,302.8637999999919,3,8032,20
