source,metric,asset,url,file,http_status,fetched_at_utc,notes
alternative_me,fng,,https://api.alternative.me/fng/?limit=0&format=json,raw/alternative_me/fng__na__20260922T031644725144Z__000001.json.gz,200,2026-09-22T03:16:44.725643+00:00,
fred,WALCL,,https://fred.stlouisfed.org/graph/fredgraph.csv?id=WALCL,raw/fred/WALCL__na__20260922T031645274571Z__000001.csv.gz,200,2026-09-22T03:16:45.275166+00:00,
fred,WTREGEN,,https://fred.stlouisfed.org/graph/fredgraph.csv?id=WTREGEN,raw/fred/WTREGEN__na__20260922T031645274571Z__000002.csv.gz,200,2026-09-22T03:16:45.525788+00:00,
fred,RRPONTSYD,,https://fred.stlouisfed.org/graph/fredgraph.csv?id=RRPONTSYD,raw/fred/RRPONTSYD__na__20260922T031645274571Z__000003.csv.gz,200,2026-09-22T03:16:45.756563+00:00,
fred,WRESBAL,,https://fred.stlouisfed.org/graph/fredgraph.csv?id=WRESBAL,raw/fred/WRESBAL__na__20260922T031645274571Z__000004.csv.gz,200,2026-09-22T03:16:46.056631+00:00,
fred,M2SL,,https://fred.stlouisfed.org/graph/fredgraph.csv?id=M2SL,raw/fred/M2SL__na__20260922T031645274571Z__000005.csv.gz,200,2026-09-22T03:16:46.286224+00:00,
fred,DTWEXBGS,,https://fred.stlouisfed.org/graph/fredgraph.csv?id=DTWEXBGS,raw/fred/DTWEXBGS__na__20260922T031645274571Z__000006.csv.gz,200,2026-09-22T03:16:46.495410+00:00,
fred,DFII10,,https://fred.stlouisfed.org/graph/fredgraph.csv?id=DFII10,raw/fred/DFII10__na__20260922T031645274571Z__000007.csv.gz,200,2026-09-22T03:16:46.782894+00:00,
fred,BAMLH0A0HYM2,,https://fred.stlouisfed.org/graph/fredgraph.csv?id=BAMLH0A0HYM2,raw/fred/BAMLH0A0HYM2__na__20260922T031645274571Z__000008.csv.gz,200,2026-09-22T03:16:47.099783+00:00,
fred,VIXCLS,,https://fred.stlouisfed.org/graph/fredgraph.csv?id=VIXCLS,raw/fred/VIXCLS__na__20260922T031645274571Z__000009.csv.gz,200,2026-09-22T03:16:47.300254+00:00,
fred,SP500,,https://fred.stlouisfed.org/graph/fredgraph.csv?id=SP500,raw/fred/SP500__na__20260922T031645274571Z__000010.csv.gz,200,2026-09-22T03:16:47.639459+00:00,
fred,T10Y2Y,,https://fred.stlouisfed.org/graph/fredgraph.csv?id=T10Y2Y,raw/fred/T10Y2Y__na__20260922T031645274571Z__000011.csv.gz,200,2026-09-22T03:16:47.899220+00:00,
fred,DFF,,https://fred.stlouisfed.org/graph/fredgraph.csv?id=DFF,raw/fred/DFF__na__20260922T031645274571Z__000012.csv.gz,200,2026-09-22T03:16:48.283922+00:00,
fred,T10YIE,,https://fred.stlouisfed.org/graph/fredgraph.csv?id=T10YIE,raw/fred/T10YIE__na__20260922T031645274571Z__000013.csv.gz,200,2026-09-22T03:16:48.791789+00:00,
fred,NFCI,,https://fred.stlouisfed.org/graph/fredgraph.csv?id=NFCI,raw/fred/NFCI__na__20260922T031645274571Z__000014.csv.gz,200,2026-09-22T03:16:49.092761+00:00,
coinmetrics,catalog,btc,https://community-api.coinmetrics.io/v4/catalog-v2/asset-metrics?assets=btc,raw/coinmetrics/catalog__btc__20260922T031656965886Z__000001.json.gz,200,2026-09-22T03:16:56.966498+00:00,
coinmetrics,PriceUSD,btc,https://community-api.coinmetrics.io/v4/timeseries/asset-metrics?assets=btc&metrics=PriceUSD&frequency=1d&start_time=2009-01-01&end_time=2026-09-22&page_size=10000,raw/coinmetrics/PriceUSD__btc__20260922T031656965886Z__000002.json.gz,200,2026-09-22T03:16:57.232452+00:00,
coinmetrics,CapMrktCurUSD,btc,https://community-api.coinmetrics.io/v4/timeseries/asset-metrics?assets=btc&metrics=CapMrktCurUSD&frequency=1d&start_time=2009-01-01&end_time=2026-09-22&page_size=10000,raw/coinmetrics/CapMrktCurUSD__btc__20260922T031656965886Z__000003.json.gz,200,2026-09-22T03:16:58.467599+00:00,
coinmetrics,CapMVRVCur,btc,https://community-api.coinmetrics.io/v4/timeseries/asset-metrics?assets=btc&metrics=CapMVRVCur&frequency=1d&start_time=2009-01-01&end_time=2026-09-22&page_size=10000,raw/coinmetrics/CapMVRVCur__btc__20260922T031656965886Z__000004.json.gz,200,2026-09-22T03:16:59.606538+00:00,
coinmetrics,SplyCur,btc,https://community-api.coinmetrics.io/v4/timeseries/asset-metrics?assets=btc&metrics=SplyCur&frequency=1d&start_time=2009-01-01&end_time=2026-09-22&page_size=10000,raw/coinmetrics/SplyCur__btc__20260922T031656965886Z__000005.json.gz,200,2026-09-22T03:17:00.733661+00:00,
coinmetrics,AdrActCnt,btc,https://community-api.coinmetrics.io/v4/timeseries/asset-metrics?assets=btc&metrics=AdrActCnt&frequency=1d&start_time=2009-01-01&end_time=2026-09-22&page_size=10000,raw/coinmetrics/AdrActCnt__btc__20260922T031656965886Z__000006.json.gz,200,2026-09-22T03:17:01.832313+00:00,
coinmetrics,TxCnt,btc,https://community-api.coinmetrics.io/v4/timeseries/asset-metrics?assets=btc&metrics=TxCnt&frequency=1d&start_time=2009-01-01&end_time=2026-09-22&page_size=10000,raw/coinmetrics/TxCnt__btc__20260922T031656965886Z__000007.json.gz,200,2026-09-22T03:17:02.926629+00:00,
coinmetrics,IssTotUSD,btc,https://community-api.coinmetrics.io/v4/timeseries/asset-metrics?assets=btc&metrics=IssTotUSD&frequency=1d&start_time=2009-01-01&end_time=2026-09-22&page_size=10000,raw/coinmetrics/IssTotUSD__btc__20260922T031656965886Z__000008.json.gz,200,2026-09-22T03:17:04.074372+00:00,
coinmetrics,HashRate,btc,https://community-api.coinmetrics.io/v4/timeseries/asset-metrics?assets=btc&metrics=HashRate&frequency=1d&start_time=2009-01-01&end_time=2026-09-22&page_size=10000,raw/coinmetrics/HashRate__btc__20260922T031656965886Z__000009.json.gz,200,2026-09-22T03:17:05.172905+00:00,
coinmetrics,AdrBalCnt,btc,https://community-api.coinmetrics.io/v4/timeseries/asset-metrics?assets=btc&metrics=AdrBalCnt&frequency=1d&start_time=2009-01-01&end_time=2026-09-22&page_size=10000,raw/coinmetrics/AdrBalCnt__btc__20260922T031656965886Z__000010.json.gz,200,2026-09-22T03:17:06.335964+00:00,
coinmetrics,BlkCnt,btc,https://community-api.coinmetrics.io/v4/timeseries/asset-metrics?assets=btc&metrics=BlkCnt&frequency=1d&start_time=2009-01-01&end_time=2026-09-22&page_size=10000,raw/coinmetrics/BlkCnt__btc__20260922T031656965886Z__000011.json.gz,200,2026-09-22T03:17:07.459739+00:00,
coinmetrics,FeeTotNtv,btc,https://community-api.coinmetrics.io/v4/timeseries/asset-metrics?assets=btc&metrics=FeeTotNtv&frequency=1d&start_time=2009-01-01&end_time=2026-09-22&page_size=10000,raw/coinmetrics/FeeTotNtv__btc__20260922T031656965886Z__000012.json.gz,200,2026-09-22T03:17:08.570560+00:00,
coinmetrics,FlowInExNtv,btc,https://community-api.coinmetrics.io/v4/timeseries/asset-metrics?assets=btc&metrics=FlowInExNtv&frequency=1d&start_time=2009-01-01&end_time=2026-09-22&page_size=10000,raw/coinmetrics/FlowInExNtv__btc__20260922T031656965886Z__000013.json.gz,200,2026-09-22T03:17:09.714201+00:00,
coinmetrics,FlowInExUSD,btc,https://community-api.coinmetrics.io/v4/timeseries/asset-metrics?assets=btc&metrics=FlowInExUSD&frequency=1d&start_time=2009-01-01&end_time=2026-09-22&page_size=10000,raw/coinmetrics/FlowInExUSD__btc__20260922T031656965886Z__000014.json.gz,200,2026-09-22T03:17:10.879781+00:00,
coinmetrics,FlowOutExNtv,btc,https://community-api.coinmetrics.io/v4/timeseries/asset-metrics?assets=btc&metrics=FlowOutExNtv&frequency=1d&start_time=2009-01-01&end_time=2026-09-22&page_size=10000,raw/coinmetrics/FlowOutExNtv__btc__20260922T031656965886Z__000015.json.gz,200,2026-09-22T03:17:12.012155+00:00,
coinmetrics,FlowOutExUSD,btc,https://community-api.coinmetrics.io/v4/timeseries/asset-metrics?assets=btc&metrics=FlowOutExUSD&frequency=1d&start_time=2009-01-01&end_time=2026-09-22&page_size=10000,raw/coinmetrics/FlowOutExUSD__btc__20260922T031656965886Z__000016.json.gz,200,2026-09-22T03:17:15.833016+00:00,
coinmetrics,IssTotNtv,btc,https://community-api.coinmetrics.io/v4/timeseries/asset-metrics?assets=btc&metrics=IssTotNtv&frequency=1d&start_time=2009-01-01&end_time=2026-09-22&page_size=10000,raw/coinmetrics/IssTotNtv__btc__20260922T031656965886Z__000017.json.gz,200,2026-09-22T03:17:16.975770+00:00,
coinmetrics,ROI1yr,btc,https://community-api.coinmetrics.io/v4/timeseries/asset-metrics?assets=btc&metrics=ROI1yr&frequency=1d&start_time=2009-01-01&end_time=2026-09-22&page_size=10000,raw/coinmetrics/ROI1yr__btc__20260922T031656965886Z__000018.json.gz,200,2026-09-22T03:17:18.065325+00:00,
coinmetrics,ROI30d,btc,https://community-api.coinmetrics.io/v4/timeseries/asset-metrics?assets=btc&metrics=ROI30d&frequency=1d&start_time=2009-01-01&end_time=2026-09-22&page_size=10000,raw/coinmetrics/ROI30d__btc__20260922T031656965886Z__000019.json.gz,200,2026-09-22T03:17:19.127771+00:00,
coinmetrics,SplyExNtv,btc,https://community-api.coinmetrics.io/v4/timeseries/asset-metrics?assets=btc&metrics=SplyExNtv&frequency=1d&start_time=2009-01-01&end_time=2026-09-22&page_size=10000,raw/coinmetrics/SplyExNtv__btc__20260922T031656965886Z__000020.json.gz,200,2026-09-22T03:17:20.251444+00:00,
coinmetrics,SplyExUSD,btc,https://community-api.coinmetrics.io/v4/timeseries/asset-metrics?assets=btc&metrics=SplyExUSD&frequency=1d&start_time=2009-01-01&end_time=2026-09-22&page_size=10000,raw/coinmetrics/SplyExUSD__btc__20260922T031656965886Z__000021.json.gz,200,2026-09-22T03:17:21.357609+00:00,
coinmetrics,TxTfrCnt,btc,https://community-api.coinmetrics.io/v4/timeseries/asset-metrics?assets=btc&metrics=TxTfrCnt&frequency=1d&start_time=2009-01-01&end_time=2026-09-22&page_size=10000,raw/coinmetrics/TxTfrCnt__btc__20260922T031656965886Z__000022.json.gz,200,2026-09-22T03:17:22.491831+00:00,
coinmetrics,volume_reported_spot_usd_1d,btc,https://community-api.coinmetrics.io/v4/timeseries/asset-metrics?assets=btc&metrics=volume_reported_spot_usd_1d&frequency=1d&start_time=2009-01-01&end_time=2026-09-22&page_size=10000,raw/coinmetrics/volume_reported_spot_usd_1d__btc__20260922T031656965886Z__000023.json.gz,200,2026-09-22T03:17:23.553535+00:00,
coinmetrics,PriceBTC,btc,https://community-api.coinmetrics.io/v4/timeseries/asset-metrics?assets=btc&metrics=PriceBTC&frequency=1d&start_time=2009-01-01&end_time=2026-09-22&page_size=10000,raw/coinmetrics/PriceBTC__btc__20260922T031656965886Z__000024.json.gz,200,2026-09-22T03:17:24.896988+00:00,
coinmetrics,catalog,eth,https://community-api.coinmetrics.io/v4/catalog-v2/asset-metrics?assets=eth,raw/coinmetrics/catalog__eth__20260922T031656965886Z__000025.json.gz,200,2026-09-22T03:17:26.048760+00:00,
coinmetrics,PriceUSD,eth,https://community-api.coinmetrics.io/v4/timeseries/asset-metrics?assets=eth&metrics=PriceUSD&frequency=1d&start_time=2009-01-01&end_time=2026-09-22&page_size=10000,raw/coinmetrics/PriceUSD__eth__20260922T031656965886Z__000026.json.gz,200,2026-09-22T03:17:26.325748+00:00,
coinmetrics,CapMrktCurUSD,eth,https://community-api.coinmetrics.io/v4/timeseries/asset-metrics?assets=eth&metrics=CapMrktCurUSD&frequency=1d&start_time=2009-01-01&end_time=2026-09-22&page_size=10000,raw/coinmetrics/CapMrktCurUSD__eth__20260922T031656965886Z__000027.json.gz,200,2026-09-22T03:17:27.377123+00:00,
coinmetrics,CapMVRVCur,eth,https://community-api.coinmetrics.io/v4/timeseries/asset-metrics?assets=eth&metrics=CapMVRVCur&frequency=1d&start_time=2009-01-01&end_time=2026-09-22&page_size=10000,raw/coinmetrics/CapMVRVCur__eth__20260922T031656965886Z__000028.json.gz,200,2026-09-22T03:17:28.456233+00:00,
coinmetrics,SplyCur,eth,https://community-api.coinmetrics.io/v4/timeseries/asset-metrics?assets=eth&metrics=SplyCur&frequency=1d&start_time=2009-01-01&end_time=2026-09-22&page_size=10000,raw/coinmetrics/SplyCur__eth__20260922T031656965886Z__000029.json.gz,200,2026-09-22T03:17:29.497425+00:00,
coinmetrics,AdrActCnt,eth,https://community-api.coinmetrics.io/v4/timeseries/asset-metrics?assets=eth&metrics=AdrActCnt&frequency=1d&start_time=2009-01-01&end_time=2026-09-22&page_size=10000,raw/coinmetrics/AdrActCnt__eth__20260922T031656965886Z__000030.json.gz,200,2026-09-22T03:17:30.581537+00:00,
coinmetrics,TxCnt,eth,https://community-api.coinmetrics.io/v4/timeseries/asset-metrics?assets=eth&metrics=TxCnt&frequency=1d&start_time=2009-01-01&end_time=2026-09-22&page_size=10000,raw/coinmetrics/TxCnt__eth__20260922T031656965886Z__000031.json.gz,200,2026-09-22T03:17:31.676856+00:00,
coinmetrics,IssTotUSD,eth,https://community-api.coinmetrics.io/v4/timeseries/asset-metrics?assets=eth&metrics=IssTotUSD&frequency=1d&start_time=2009-01-01&end_time=2026-09-22&page_size=10000,raw/coinmetrics/IssTotUSD__eth__20260922T031656965886Z__000032.json.gz,200,2026-09-22T03:17:32.725582+00:00,
coinmetrics,HashRate,eth,https://community-api.coinmetrics.io/v4/timeseries/asset-metrics?assets=eth&metrics=HashRate&frequency=1d&start_time=2009-01-01&end_time=2026-09-22&page_size=10000,raw/coinmetrics/HashRate__eth__20260922T031656965886Z__000033.json.gz,200,2026-09-22T03:17:33.794639+00:00,
coinmetrics,AdrBalCnt,eth,https://community-api.coinmetrics.io/v4/timeseries/asset-metrics?assets=eth&metrics=AdrBalCnt&frequency=1d&start_time=2009-01-01&end_time=2026-09-22&page_size=10000,raw/coinmetrics/AdrBalCnt__eth__20260922T031656965886Z__000034.json.gz,200,2026-09-22T03:17:34.785268+00:00,
coinmetrics,BlkCnt,eth,https://community-api.coinmetrics.io/v4/timeseries/asset-metrics?assets=eth&metrics=BlkCnt&frequency=1d&start_time=2009-01-01&end_time=2026-09-22&page_size=10000,raw/coinmetrics/BlkCnt__eth__20260922T031656965886Z__000035.json.gz,200,2026-09-22T03:17:35.871693+00:00,
coinmetrics,FeeTotNtv,eth,https://community-api.coinmetrics.io/v4/timeseries/asset-metrics?assets=eth&metrics=FeeTotNtv&frequency=1d&start_time=2009-01-01&end_time=2026-09-22&page_size=10000,raw/coinmetrics/FeeTotNtv__eth__20260922T031656965886Z__000036.json.gz,200,2026-09-22T03:17:36.979656+00:00,
coinmetrics,FlowInExNtv,eth,https://community-api.coinmetrics.io/v4/timeseries/asset-metrics?assets=eth&metrics=FlowInExNtv&frequency=1d&start_time=2009-01-01&end_time=2026-09-22&page_size=10000,raw/coinmetrics/FlowInExNtv__eth__20260922T031656965886Z__000037.json.gz,200,2026-09-22T03:17:38.022009+00:00,
coinmetrics,FlowInExUSD,eth,https://community-api.coinmetrics.io/v4/timeseries/asset-metrics?assets=eth&metrics=FlowInExUSD&frequency=1d&start_time=2009-01-01&end_time=2026-09-22&page_size=10000,raw/coinmetrics/FlowInExUSD__eth__20260922T031656965886Z__000038.json.gz,200,2026-09-22T03:17:39.315715+00:00,
coinmetrics,FlowOutExNtv,eth,https://community-api.coinmetrics.io/v4/timeseries/asset-metrics?assets=eth&metrics=FlowOutExNtv&frequency=1d&start_time=2009-01-01&end_time=2026-09-22&page_size=10000,raw/coinmetrics/FlowOutExNtv__eth__20260922T031656965886Z__000039.json.gz,200,2026-09-22T03:17:40.468470+00:00,
coinmetrics,FlowOutExUSD,eth,https://community-api.coinmetrics.io/v4/timeseries/asset-metrics?assets=eth&metrics=FlowOutExUSD&frequency=1d&start_time=2009-01-01&end_time=2026-09-22&page_size=10000,raw/coinmetrics/FlowOutExUSD__eth__20260922T031656965886Z__000040.json.gz,200,2026-09-22T03:17:41.613719+00:00,
coinmetrics,IssTotNtv,eth,https://community-api.coinmetrics.io/v4/timeseries/asset-metrics?assets=eth&metrics=IssTotNtv&frequency=1d&start_time=2009-01-01&end_time=2026-09-22&page_size=10000,raw/coinmetrics/IssTotNtv__eth__20260922T031656965886Z__000041.json.gz,200,2026-09-22T03:17:42.704719+00:00,
coinmetrics,ROI1yr,eth,https://community-api.coinmetrics.io/v4/timeseries/asset-metrics?assets=eth&metrics=ROI1yr&frequency=1d&start_time=2009-01-01&end_time=2026-09-22&page_size=10000,raw/coinmetrics/ROI1yr__eth__20260922T031656965886Z__000042.json.gz,200,2026-09-22T03:17:43.764693+00:00,
coinmetrics,ROI30d,eth,https://community-api.coinmetrics.io/v4/timeseries/asset-metrics?assets=eth&metrics=ROI30d&frequency=1d&start_time=2009-01-01&end_time=2026-09-22&page_size=10000,raw/coinmetrics/ROI30d__eth__20260922T031656965886Z__000043.json.gz,200,2026-09-22T03:17:44.785390+00:00,
coinmetrics,SplyExNtv,eth,https://community-api.coinmetrics.io/v4/timeseries/asset-metrics?assets=eth&metrics=SplyExNtv&frequency=1d&start_time=2009-01-01&end_time=2026-09-22&page_size=10000,raw/coinmetrics/SplyExNtv__eth__20260922T031656965886Z__000044.json.gz,200,2026-09-22T03:17:45.855930+00:00,
coinmetrics,SplyExUSD,eth,https://community-api.coinmetrics.io/v4/timeseries/asset-metrics?assets=eth&metrics=SplyExUSD&frequency=1d&start_time=2009-01-01&end_time=2026-09-22&page_size=10000,raw/coinmetrics/SplyExUSD__eth__20260922T031656965886Z__000045.json.gz,200,2026-09-22T03:17:46.941411+00:00,
coinmetrics,TxTfrCnt,eth,https://community-api.coinmetrics.io/v4/timeseries/asset-metrics?assets=eth&metrics=TxTfrCnt&frequency=1d&start_time=2009-01-01&end_time=2026-09-22&page_size=10000,raw/coinmetrics/TxTfrCnt__eth__20260922T031656965886Z__000046.json.gz,200,2026-09-22T03:17:48.065999+00:00,
coinmetrics,volume_reported_spot_usd_1d,eth,https://community-api.coinmetrics.io/v4/timeseries/asset-metrics?assets=eth&metrics=volume_reported_spot_usd_1d&frequency=1d&start_time=2009-01-01&end_time=2026-09-22&page_size=10000,raw/coinmetrics/volume_reported_spot_usd_1d__eth__20260922T031656965886Z__000047.json.gz,200,2026-09-22T03:17:49.109781+00:00,
coinmetrics,PriceBTC,eth,https://community-api.coinmetrics.io/v4/timeseries/asset-metrics?assets=eth&metrics=PriceBTC&frequency=1d&start_time=2009-01-01&end_time=2026-09-22&page_size=10000,raw/coinmetrics/PriceBTC__eth__20260922T031656965886Z__000048.json.gz,200,2026-09-22T03:17:50.488457+00:00,
okx,spot_ohlcv,btcusdt,https://www.okx.com/api/v5/market/history-candles?instId=BTC-USDT&bar=1Dutc&limit=100,raw/okx/spot_ohlcv__btcusdt__20260922T031801303302Z__000001.json.gz,200,2026-09-22T03:18:01.304605+00:00,
okx,spot_ohlcv,btcusdt,https://www.okx.com/api/v5/market/history-candles?instId=BTC-USDT&bar=1Dutc&limit=100&after=1781481600000,raw/okx/spot_ohlcv__btcusdt__20260922T031801303302Z__000002.json.gz,200,2026-09-22T03:18:02.028196+00:00,
okx,spot_ohlcv,btcusdt,https://www.okx.com/api/v5/market/history-candles?instId=BTC-USDT&bar=1Dutc&limit=100&after=1772841600000,raw/okx/spot_ohlcv__btcusdt__20260922T031801303302Z__000003.json.gz,200,2026-09-22T03:18:02.535242+00:00,
okx,spot_ohlcv,btcusdt,https://www.okx.com/api/v5/market/history-candles?instId=BTC-USDT&bar=1Dutc&limit=100&after=1764201600000,raw/okx/spot_ohlcv__btcusdt__20260922T031801303302Z__000004.json.gz,200,2026-09-22T03:18:03.044898+00:00,
okx,spot_ohlcv,btcusdt,https://www.okx.com/api/v5/market/history-candles?instId=BTC-USDT&bar=1Dutc&limit=100&after=1755561600000,raw/okx/spot_ohlcv__btcusdt__20260922T031801303302Z__000005.json.gz,200,2026-09-22T03:18:03.552937+00:00,
okx,spot_ohlcv,btcusdt,https://www.okx.com/api/v5/market/history-candles?instId=BTC-USDT&bar=1Dutc&limit=100&after=1746921600000,raw/okx/spot_ohlcv__btcusdt__20260922T031801303302Z__000006.json.gz,200,2026-09-22T03:18:04.069199+00:00,
okx,spot_ohlcv,btcusdt,https://www.okx.com/api/v5/market/history-candles?instId=BTC-USDT&bar=1Dutc&limit=100&after=1738281600000,raw/okx/spot_ohlcv__btcusdt__20260922T031801303302Z__000007.json.gz,200,2026-09-22T03:18:04.572593+00:00,
okx,spot_ohlcv,btcusdt,https://www.okx.com/api/v5/market/history-candles?instId=BTC-USDT&bar=1Dutc&limit=100&after=1729641600000,raw/okx/spot_ohlcv__btcusdt__20260922T031801303302Z__000008.json.gz,200,2026-09-22T03:18:05.080223+00:00,
okx,spot_ohlcv,btcusdt,https://www.okx.com/api/v5/market/history-candles?instId=BTC-USDT&bar=1Dutc&limit=100&after=1721001600000,raw/okx/spot_ohlcv__btcusdt__20260922T031801303302Z__000009.json.gz,200,2026-09-22T03:18:05.568504+00:00,
okx,spot_ohlcv,btcusdt,https://www.okx.com/api/v5/market/history-candles?instId=BTC-USDT&bar=1Dutc&limit=100&after=1712361600000,raw/okx/spot_ohlcv__btcusdt__20260922T031801303302Z__000010.json.gz,200,2026-09-22T03:18:06.045177+00:00,
okx,spot_ohlcv,btcusdt,https://www.okx.com/api/v5/market/history-candles?instId=BTC-USDT&bar=1Dutc&limit=100&after=1703721600000,raw/okx/spot_ohlcv__btcusdt__20260922T031801303302Z__000011.json.gz,200,2026-09-22T03:18:06.548845+00:00,
okx,spot_ohlcv,btcusdt,https://www.okx.com/api/v5/market/history-candles?instId=BTC-USDT&bar=1Dutc&limit=100&after=1695081600000,raw/okx/spot_ohlcv__btcusdt__20260922T031801303302Z__000012.json.gz,200,2026-09-22T03:18:07.059982+00:00,
okx,spot_ohlcv,btcusdt,https://www.okx.com/api/v5/market/history-candles?instId=BTC-USDT&bar=1Dutc&limit=100&after=1686441600000,raw/okx/spot_ohlcv__btcusdt__20260922T031801303302Z__000013.json.gz,200,2026-09-22T03:18:07.562803+00:00,
okx,spot_ohlcv,btcusdt,https://www.okx.com/api/v5/market/history-candles?instId=BTC-USDT&bar=1Dutc&limit=100&after=1677801600000,raw/okx/spot_ohlcv__btcusdt__20260922T031801303302Z__000014.json.gz,200,2026-09-22T03:18:08.057626+00:00,
okx,spot_ohlcv,btcusdt,https://www.okx.com/api/v5/market/history-candles?instId=BTC-USDT&bar=1Dutc&limit=100&after=1669161600000,raw/okx/spot_ohlcv__btcusdt__20260922T031801303302Z__000015.json.gz,200,2026-09-22T03:18:08.590888+00:00,
okx,spot_ohlcv,btcusdt,https://www.okx.com/api/v5/market/history-candles?instId=BTC-USDT&bar=1Dutc&limit=100&after=1660521600000,raw/okx/spot_ohlcv__btcusdt__20260922T031801303302Z__000016.json.gz,200,2026-09-22T03:18:09.080845+00:00,
okx,spot_ohlcv,btcusdt,https://www.okx.com/api/v5/market/history-candles?instId=BTC-USDT&bar=1Dutc&limit=100&after=1651881600000,raw/okx/spot_ohlcv__btcusdt__20260922T031801303302Z__000017.json.gz,200,2026-09-22T03:18:09.609437+00:00,
okx,spot_ohlcv,btcusdt,https://www.okx.com/api/v5/market/history-candles?instId=BTC-USDT&bar=1Dutc&limit=100&after=1643241600000,raw/okx/spot_ohlcv__btcusdt__20260922T031801303302Z__000018.json.gz,200,2026-09-22T03:18:10.128067+00:00,
okx,spot_ohlcv,btcusdt,https://www.okx.com/api/v5/market/history-candles?instId=BTC-USDT&bar=1Dutc&limit=100&after=1634601600000,raw/okx/spot_ohlcv__btcusdt__20260922T031801303302Z__000019.json.gz,200,2026-09-22T03:18:10.653025+00:00,
okx,spot_ohlcv,btcusdt,https://www.okx.com/api/v5/market/history-candles?instId=BTC-USDT&bar=1Dutc&limit=100&after=1625961600000,raw/okx/spot_ohlcv__btcusdt__20260922T031801303302Z__000020.json.gz,200,2026-09-22T03:18:11.166494+00:00,
okx,spot_ohlcv,btcusdt,https://www.okx.com/api/v5/market/history-candles?instId=BTC-USDT&bar=1Dutc&limit=100&after=1617321600000,raw/okx/spot_ohlcv__btcusdt__20260922T031801303302Z__000021.json.gz,200,2026-09-22T03:18:11.660437+00:00,
okx,spot_ohlcv,btcusdt,https://www.okx.com/api/v5/market/history-candles?instId=BTC-USDT&bar=1Dutc&limit=100&after=1608681600000,raw/okx/spot_ohlcv__btcusdt__20260922T031801303302Z__000022.json.gz,200,2026-09-22T03:18:12.288760+00:00,
okx,spot_ohlcv,btcusdt,https://www.okx.com/api/v5/market/history-candles?instId=BTC-USDT&bar=1Dutc&limit=100&after=1600041600000,raw/okx/spot_ohlcv__btcusdt__20260922T031801303302Z__000023.json.gz,200,2026-09-22T03:18:12.803221+00:00,
okx,spot_ohlcv,btcusdt,https://www.okx.com/api/v5/market/history-candles?instId=BTC-USDT&bar=1Dutc&limit=100&after=1591401600000,raw/okx/spot_ohlcv__btcusdt__20260922T031801303302Z__000024.json.gz,200,2026-09-22T03:18:13.322385+00:00,
okx,spot_ohlcv,btcusdt,https://www.okx.com/api/v5/market/history-candles?instId=BTC-USDT&bar=1Dutc&limit=100&after=1582761600000,raw/okx/spot_ohlcv__btcusdt__20260922T031801303302Z__000025.json.gz,200,2026-09-22T03:18:13.823827+00:00,
okx,spot_ohlcv,btcusdt,https://www.okx.com/api/v5/market/history-candles?instId=BTC-USDT&bar=1Dutc&limit=100&after=1574121600000,raw/okx/spot_ohlcv__btcusdt__20260922T031801303302Z__000026.json.gz,200,2026-09-22T03:18:14.339686+00:00,
okx,spot_ohlcv,btcusdt,https://www.okx.com/api/v5/market/history-candles?instId=BTC-USDT&bar=1Dutc&limit=100&after=1565481600000,raw/okx/spot_ohlcv__btcusdt__20260922T031801303302Z__000027.json.gz,200,2026-09-22T03:18:14.851809+00:00,
okx,spot_ohlcv,btcusdt,https://www.okx.com/api/v5/market/history-candles?instId=BTC-USDT&bar=1Dutc&limit=100&after=1556841600000,raw/okx/spot_ohlcv__btcusdt__20260922T031801303302Z__000028.json.gz,200,2026-09-22T03:18:15.345542+00:00,
okx,spot_ohlcv,btcusdt,https://www.okx.com/api/v5/market/history-candles?instId=BTC-USDT&bar=1Dutc&limit=100&after=1548201600000,raw/okx/spot_ohlcv__btcusdt__20260922T031801303302Z__000029.json.gz,200,2026-09-22T03:18:15.836387+00:00,
okx,spot_ohlcv,btcusdt,https://www.okx.com/api/v5/market/history-candles?instId=BTC-USDT&bar=1Dutc&limit=100&after=1539561600000,raw/okx/spot_ohlcv__btcusdt__20260922T031801303302Z__000030.json.gz,200,2026-09-22T03:18:16.318470+00:00,
okx,spot_ohlcv,btcusdt,https://www.okx.com/api/v5/market/history-candles?instId=BTC-USDT&bar=1Dutc&limit=100&after=1530921600000,raw/okx/spot_ohlcv__btcusdt__20260922T031801303302Z__000031.json.gz,200,2026-09-22T03:18:16.807417+00:00,
okx,spot_ohlcv,btcusdt,https://www.okx.com/api/v5/market/history-candles?instId=BTC-USDT&bar=1Dutc&limit=100&after=1522281600000,raw/okx/spot_ohlcv__btcusdt__20260922T031801303302Z__000032.json.gz,200,2026-09-22T03:18:17.369085+00:00,
okx,spot_ohlcv,btcusdt,https://www.okx.com/api/v5/market/history-candles?instId=BTC-USDT&bar=1Dutc&limit=100&after=1515628800000,raw/okx/spot_ohlcv__btcusdt__20260922T031801303302Z__000033.json.gz,200,2026-09-22T03:18:17.881770+00:00,
okx,spot_ohlcv,ethusdt,https://www.okx.com/api/v5/market/history-candles?instId=ETH-USDT&bar=1Dutc&limit=100,raw/okx/spot_ohlcv__ethusdt__20260922T031801303302Z__000034.json.gz,200,2026-09-22T03:18:18.361854+00:00,
okx,spot_ohlcv,ethusdt,https://www.okx.com/api/v5/market/history-candles?instId=ETH-USDT&bar=1Dutc&limit=100&after=1781481600000,raw/okx/spot_ohlcv__ethusdt__20260922T031801303302Z__000035.json.gz,200,2026-09-22T03:18:18.861323+00:00,
okx,spot_ohlcv,ethusdt,https://www.okx.com/api/v5/market/history-candles?instId=ETH-USDT&bar=1Dutc&limit=100&after=1772841600000,raw/okx/spot_ohlcv__ethusdt__20260922T031801303302Z__000036.json.gz,200,2026-09-22T03:18:19.356210+00:00,
okx,spot_ohlcv,ethusdt,https://www.okx.com/api/v5/market/history-candles?instId=ETH-USDT&bar=1Dutc&limit=100&after=1764201600000,raw/okx/spot_ohlcv__ethusdt__20260922T031801303302Z__000037.json.gz,200,2026-09-22T03:18:19.835926+00:00,
okx,spot_ohlcv,ethusdt,https://www.okx.com/api/v5/market/history-candles?instId=ETH-USDT&bar=1Dutc&limit=100&after=1755561600000,raw/okx/spot_ohlcv__ethusdt__20260922T031801303302Z__000038.json.gz,200,2026-09-22T03:18:20.330685+00:00,
okx,spot_ohlcv,ethusdt,https://www.okx.com/api/v5/market/history-candles?instId=ETH-USDT&bar=1Dutc&limit=100&after=1746921600000,raw/okx/spot_ohlcv__ethusdt__20260922T031801303302Z__000039.json.gz,200,2026-09-22T03:18:20.807179+00:00,
okx,spot_ohlcv,ethusdt,https://www.okx.com/api/v5/market/history-candles?instId=ETH-USDT&bar=1Dutc&limit=100&after=1738281600000,raw/okx/spot_ohlcv__ethusdt__20260922T031801303302Z__000040.json.gz,200,2026-09-22T03:18:21.393259+00:00,
okx,spot_ohlcv,ethusdt,https://www.okx.com/api/v5/market/history-candles?instId=ETH-USDT&bar=1Dutc&limit=100&after=1729641600000,raw/okx/spot_ohlcv__ethusdt__20260922T031801303302Z__000041.json.gz,200,2026-09-22T03:18:21.878184+00:00,
okx,spot_ohlcv,ethusdt,https://www.okx.com/api/v5/market/history-candles?instId=ETH-USDT&bar=1Dutc&limit=100&after=1721001600000,raw/okx/spot_ohlcv__ethusdt__20260922T031801303302Z__000042.json.gz,200,2026-09-22T03:18:22.366000+00:00,
okx,spot_ohlcv,ethusdt,https://www.okx.com/api/v5/market/history-candles?instId=ETH-USDT&bar=1Dutc&limit=100&after=1712361600000,raw/okx/spot_ohlcv__ethusdt__20260922T031801303302Z__000043.json.gz,200,2026-09-22T03:18:22.892939+00:00,
okx,spot_ohlcv,ethusdt,https://www.okx.com/api/v5/market/history-candles?instId=ETH-USDT&bar=1Dutc&limit=100&after=1703721600000,raw/okx/spot_ohlcv__ethusdt__20260922T031801303302Z__000044.json.gz,200,2026-09-22T03:18:23.387821+00:00,
okx,spot_ohlcv,ethusdt,https://www.okx.com/api/v5/market/history-candles?instId=ETH-USDT&bar=1Dutc&limit=100&after=1695081600000,raw/okx/spot_ohlcv__ethusdt__20260922T031801303302Z__000045.json.gz,200,2026-09-22T03:18:23.897744+00:00,
okx,spot_ohlcv,ethusdt,https://www.okx.com/api/v5/market/history-candles?instId=ETH-USDT&bar=1Dutc&limit=100&after=1686441600000,raw/okx/spot_ohlcv__ethusdt__20260922T031801303302Z__000046.json.gz,200,2026-09-22T03:18:24.394886+00:00,
okx,spot_ohlcv,ethusdt,https://www.okx.com/api/v5/market/history-candles?instId=ETH-USDT&bar=1Dutc&limit=100&after=1677801600000,raw/okx/spot_ohlcv__ethusdt__20260922T031801303302Z__000047.json.gz,200,2026-09-22T03:18:24.886634+00:00,
okx,spot_ohlcv,ethusdt,https://www.okx.com/api/v5/market/history-candles?instId=ETH-USDT&bar=1Dutc&limit=100&after=1669161600000,raw/okx/spot_ohlcv__ethusdt__20260922T031801303302Z__000048.json.gz,200,2026-09-22T03:18:25.377675+00:00,
okx,spot_ohlcv,ethusdt,https://www.okx.com/api/v5/market/history-candles?instId=ETH-USDT&bar=1Dutc&limit=100&after=1660521600000,raw/okx/spot_ohlcv__ethusdt__20260922T031801303302Z__000049.json.gz,200,2026-09-22T03:18:25.901616+00:00,
okx,spot_ohlcv,ethusdt,https://www.okx.com/api/v5/market/history-candles?instId=ETH-USDT&bar=1Dutc&limit=100&after=1651881600000,raw/okx/spot_ohlcv__ethusdt__20260922T031801303302Z__000050.json.gz,200,2026-09-22T03:18:26.427393+00:00,
okx,spot_ohlcv,ethusdt,https://www.okx.com/api/v5/market/history-candles?instId=ETH-USDT&bar=1Dutc&limit=100&after=1643241600000,raw/okx/spot_ohlcv__ethusdt__20260922T031801303302Z__000051.json.gz,200,2026-09-22T03:18:26.930743+00:00,
okx,spot_ohlcv,ethusdt,https://www.okx.com/api/v5/market/history-candles?instId=ETH-USDT&bar=1Dutc&limit=100&after=1634601600000,raw/okx/spot_ohlcv__ethusdt__20260922T031801303302Z__000052.json.gz,200,2026-09-22T03:18:27.457714+00:00,
okx,spot_ohlcv,ethusdt,https://www.okx.com/api/v5/market/history-candles?instId=ETH-USDT&bar=1Dutc&limit=100&after=1625961600000,raw/okx/spot_ohlcv__ethusdt__20260922T031801303302Z__000053.json.gz,200,2026-09-22T03:18:27.980403+00:00,
okx,spot_ohlcv,ethusdt,https://www.okx.com/api/v5/market/history-candles?instId=ETH-USDT&bar=1Dutc&limit=100&after=1617321600000,raw/okx/spot_ohlcv__ethusdt__20260922T031801303302Z__000054.json.gz,200,2026-09-22T03:18:28.488467+00:00,
okx,spot_ohlcv,ethusdt,https://www.okx.com/api/v5/market/history-candles?instId=ETH-USDT&bar=1Dutc&limit=100&after=1608681600000,raw/okx/spot_ohlcv__ethusdt__20260922T031801303302Z__000055.json.gz,200,2026-09-22T03:18:29.068019+00:00,
okx,spot_ohlcv,ethusdt,https://www.okx.com/api/v5/market/history-candles?instId=ETH-USDT&bar=1Dutc&limit=100&after=1600041600000,,0,2026-09-22T03:18:29.561954+00:00,URLError: <urlopen error [SSL: UNEXPECTED_EOF_WHILE_READING] EOF occurred in violation of protocol (_ssl.c:1016)>
okx,perp_ohlcv,btcusdt,https://www.okx.com/api/v5/market/history-candles?instId=BTC-USDT-SWAP&bar=1Dutc&limit=100,raw/okx/perp_ohlcv__btcusdt__20260922T031801303302Z__000057.json.gz,200,2026-09-22T03:19:00.161407+00:00,
okx,perp_ohlcv,btcusdt,https://www.okx.com/api/v5/market/history-candles?instId=BTC-USDT-SWAP&bar=1Dutc&limit=100&after=1781481600000,raw/okx/perp_ohlcv__btcusdt__20260922T031801303302Z__000058.json.gz,200,2026-09-22T03:19:00.765200+00:00,
okx,perp_ohlcv,btcusdt,https://www.okx.com/api/v5/market/history-candles?instId=BTC-USDT-SWAP&bar=1Dutc&limit=100&after=1772841600000,raw/okx/perp_ohlcv__btcusdt__20260922T031801303302Z__000059.json.gz,200,2026-09-22T03:19:01.261467+00:00,
okx,perp_ohlcv,btcusdt,https://www.okx.com/api/v5/market/history-candles?instId=BTC-USDT-SWAP&bar=1Dutc&limit=100&after=1764201600000,raw/okx/perp_ohlcv__btcusdt__20260922T031801303302Z__000060.json.gz,200,2026-09-22T03:19:01.771374+00:00,
okx,perp_ohlcv,btcusdt,https://www.okx.com/api/v5/market/history-candles?instId=BTC-USDT-SWAP&bar=1Dutc&limit=100&after=1755561600000,raw/okx/perp_ohlcv__btcusdt__20260922T031801303302Z__000061.json.gz,200,2026-09-22T03:19:02.273767+00:00,
okx,perp_ohlcv,btcusdt,https://www.okx.com/api/v5/market/history-candles?instId=BTC-USDT-SWAP&bar=1Dutc&limit=100&after=1746921600000,raw/okx/perp_ohlcv__btcusdt__20260922T031801303302Z__000062.json.gz,200,2026-09-22T03:19:02.793691+00:00,
okx,perp_ohlcv,btcusdt,https://www.okx.com/api/v5/market/history-candles?instId=BTC-USDT-SWAP&bar=1Dutc&limit=100&after=1738281600000,raw/okx/perp_ohlcv__btcusdt__20260922T031801303302Z__000063.json.gz,200,2026-09-22T03:19:03.281147+00:00,
okx,perp_ohlcv,btcusdt,https://www.okx.com/api/v5/market/history-candles?instId=BTC-USDT-SWAP&bar=1Dutc&limit=100&after=1729641600000,raw/okx/perp_ohlcv__btcusdt__20260922T031801303302Z__000064.json.gz,200,2026-09-22T03:19:03.757854+00:00,
okx,perp_ohlcv,btcusdt,https://www.okx.com/api/v5/market/history-candles?instId=BTC-USDT-SWAP&bar=1Dutc&limit=100&after=1721001600000,raw/okx/perp_ohlcv__btcusdt__20260922T031801303302Z__000065.json.gz,200,2026-09-22T03:19:04.289358+00:00,
okx,perp_ohlcv,btcusdt,https://www.okx.com/api/v5/market/history-candles?instId=BTC-USDT-SWAP&bar=1Dutc&limit=100&after=1712361600000,raw/okx/perp_ohlcv__btcusdt__20260922T031801303302Z__000066.json.gz,200,2026-09-22T03:19:04.799342+00:00,
okx,perp_ohlcv,btcusdt,https://www.okx.com/api/v5/market/history-candles?instId=BTC-USDT-SWAP&bar=1Dutc&limit=100&after=1703721600000,raw/okx/perp_ohlcv__btcusdt__20260922T031801303302Z__000067.json.gz,200,2026-09-22T03:19:05.283420+00:00,
okx,perp_ohlcv,btcusdt,https://www.okx.com/api/v5/market/history-candles?instId=BTC-USDT-SWAP&bar=1Dutc&limit=100&after=1695081600000,raw/okx/perp_ohlcv__btcusdt__20260922T031801303302Z__000068.json.gz,200,2026-09-22T03:19:05.814787+00:00,
okx,perp_ohlcv,btcusdt,https://www.okx.com/api/v5/market/history-candles?instId=BTC-USDT-SWAP&bar=1Dutc&limit=100&after=1686441600000,raw/okx/perp_ohlcv__btcusdt__20260922T031801303302Z__000069.json.gz,200,2026-09-22T03:19:06.304154+00:00,
okx,perp_ohlcv,btcusdt,https://www.okx.com/api/v5/market/history-candles?instId=BTC-USDT-SWAP&bar=1Dutc&limit=100&after=1677801600000,raw/okx/perp_ohlcv__btcusdt__20260922T031801303302Z__000070.json.gz,200,2026-09-22T03:19:06.791879+00:00,
okx,perp_ohlcv,btcusdt,https://www.okx.com/api/v5/market/history-candles?instId=BTC-USDT-SWAP&bar=1Dutc&limit=100&after=1669161600000,raw/okx/perp_ohlcv__btcusdt__20260922T031801303302Z__000071.json.gz,200,2026-09-22T03:19:07.350947+00:00,
okx,perp_ohlcv,btcusdt,https://www.okx.com/api/v5/market/history-candles?instId=BTC-USDT-SWAP&bar=1Dutc&limit=100&after=1660521600000,raw/okx/perp_ohlcv__btcusdt__20260922T031801303302Z__000072.json.gz,200,2026-09-22T03:19:07.878744+00:00,
okx,perp_ohlcv,btcusdt,https://www.okx.com/api/v5/market/history-candles?instId=BTC-USDT-SWAP&bar=1Dutc&limit=100&after=1651881600000,raw/okx/perp_ohlcv__btcusdt__20260922T031801303302Z__000073.json.gz,200,2026-09-22T03:19:08.369230+00:00,
okx,perp_ohlcv,btcusdt,https://www.okx.com/api/v5/market/history-candles?instId=BTC-USDT-SWAP&bar=1Dutc&limit=100&after=1643241600000,raw/okx/perp_ohlcv__btcusdt__20260922T031801303302Z__000074.json.gz,200,2026-09-22T03:19:08.889442+00:00,
okx,perp_ohlcv,btcusdt,https://www.okx.com/api/v5/market/history-candles?instId=BTC-USDT-SWAP&bar=1Dutc&limit=100&after=1634601600000,raw/okx/perp_ohlcv__btcusdt__20260922T031801303302Z__000075.json.gz,200,2026-09-22T03:19:09.396231+00:00,
okx,perp_ohlcv,btcusdt,https://www.okx.com/api/v5/market/history-candles?instId=BTC-USDT-SWAP&bar=1Dutc&limit=100&after=1625961600000,raw/okx/perp_ohlcv__btcusdt__20260922T031801303302Z__000076.json.gz,200,2026-09-22T03:19:09.895262+00:00,
okx,perp_ohlcv,btcusdt,https://www.okx.com/api/v5/market/history-candles?instId=BTC-USDT-SWAP&bar=1Dutc&limit=100&after=1617321600000,raw/okx/perp_ohlcv__btcusdt__20260922T031801303302Z__000077.json.gz,200,2026-09-22T03:19:10.392467+00:00,
okx,perp_ohlcv,btcusdt,https://www.okx.com/api/v5/market/history-candles?instId=BTC-USDT-SWAP&bar=1Dutc&limit=100&after=1608681600000,raw/okx/perp_ohlcv__btcusdt__20260922T031801303302Z__000078.json.gz,200,2026-09-22T03:19:10.948490+00:00,
okx,perp_ohlcv,btcusdt,https://www.okx.com/api/v5/market/history-candles?instId=BTC-USDT-SWAP&bar=1Dutc&limit=100&after=1600041600000,raw/okx/perp_ohlcv__btcusdt__20260922T031801303302Z__000079.json.gz,200,2026-09-22T03:19:11.438713+00:00,
okx,perp_ohlcv,btcusdt,https://www.okx.com/api/v5/market/history-candles?instId=BTC-USDT-SWAP&bar=1Dutc&limit=100&after=1591401600000,raw/okx/perp_ohlcv__btcusdt__20260922T031801303302Z__000080.json.gz,200,2026-09-22T03:19:11.971829+00:00,
okx,perp_ohlcv,btcusdt,https://www.okx.com/api/v5/market/history-candles?instId=BTC-USDT-SWAP&bar=1Dutc&limit=100&after=1582761600000,raw/okx/perp_ohlcv__btcusdt__20260922T031801303302Z__000081.json.gz,200,2026-09-22T03:19:12.493641+00:00,
okx,perp_ohlcv,btcusdt,https://www.okx.com/api/v5/market/history-candles?instId=BTC-USDT-SWAP&bar=1Dutc&limit=100&after=1577836800000,raw/okx/perp_ohlcv__btcusdt__20260922T031801303302Z__000082.json.gz,200,2026-09-22T03:19:12.997467+00:00,
okx,perp_ohlcv,ethusdt,https://www.okx.com/api/v5/market/history-candles?instId=ETH-USDT-SWAP&bar=1Dutc&limit=100,raw/okx/perp_ohlcv__ethusdt__20260922T031801303302Z__000083.json.gz,200,2026-09-22T03:19:13.436217+00:00,
okx,perp_ohlcv,ethusdt,https://www.okx.com/api/v5/market/history-candles?instId=ETH-USDT-SWAP&bar=1Dutc&limit=100&after=1781481600000,raw/okx/perp_ohlcv__ethusdt__20260922T031801303302Z__000084.json.gz,200,2026-09-22T03:19:13.932377+00:00,
okx,perp_ohlcv,ethusdt,https://www.okx.com/api/v5/market/history-candles?instId=ETH-USDT-SWAP&bar=1Dutc&limit=100&after=1772841600000,raw/okx/perp_ohlcv__ethusdt__20260922T031801303302Z__000085.json.gz,200,2026-09-22T03:19:14.404898+00:00,
okx,perp_ohlcv,ethusdt,https://www.okx.com/api/v5/market/history-candles?instId=ETH-USDT-SWAP&bar=1Dutc&limit=100&after=1764201600000,raw/okx/perp_ohlcv__ethusdt__20260922T031801303302Z__000086.json.gz,200,2026-09-22T03:19:14.923935+00:00,
okx,perp_ohlcv,ethusdt,https://www.okx.com/api/v5/market/history-candles?instId=ETH-USDT-SWAP&bar=1Dutc&limit=100&after=1755561600000,raw/okx/perp_ohlcv__ethusdt__20260922T031801303302Z__000087.json.gz,200,2026-09-22T03:19:15.428397+00:00,
okx,perp_ohlcv,ethusdt,https://www.okx.com/api/v5/market/history-candles?instId=ETH-USDT-SWAP&bar=1Dutc&limit=100&after=1746921600000,raw/okx/perp_ohlcv__ethusdt__20260922T031801303302Z__000088.json.gz,200,2026-09-22T03:19:15.944734+00:00,
okx,perp_ohlcv,ethusdt,https://www.okx.com/api/v5/market/history-candles?instId=ETH-USDT-SWAP&bar=1Dutc&limit=100&after=1738281600000,raw/okx/perp_ohlcv__ethusdt__20260922T031801303302Z__000089.json.gz,200,2026-09-22T03:19:16.439631+00:00,
okx,perp_ohlcv,ethusdt,https://www.okx.com/api/v5/market/history-candles?instId=ETH-USDT-SWAP&bar=1Dutc&limit=100&after=1729641600000,raw/okx/perp_ohlcv__ethusdt__20260922T031801303302Z__000090.json.gz,200,2026-09-22T03:19:16.983200+00:00,
okx,perp_ohlcv,ethusdt,https://www.okx.com/api/v5/market/history-candles?instId=ETH-USDT-SWAP&bar=1Dutc&limit=100&after=1721001600000,raw/okx/perp_ohlcv__ethusdt__20260922T031801303302Z__000091.json.gz,200,2026-09-22T03:19:17.485091+00:00,
okx,perp_ohlcv,ethusdt,https://www.okx.com/api/v5/market/history-candles?instId=ETH-USDT-SWAP&bar=1Dutc&limit=100&after=1712361600000,raw/okx/perp_ohlcv__ethusdt__20260922T031801303302Z__000092.json.gz,200,2026-09-22T03:19:17.999966+00:00,
okx,perp_ohlcv,ethusdt,https://www.okx.com/api/v5/market/history-candles?instId=ETH-USDT-SWAP&bar=1Dutc&limit=100&after=1703721600000,raw/okx/perp_ohlcv__ethusdt__20260922T031801303302Z__000093.json.gz,200,2026-09-22T03:19:18.488295+00:00,
okx,perp_ohlcv,ethusdt,https://www.okx.com/api/v5/market/history-candles?instId=ETH-USDT-SWAP&bar=1Dutc&limit=100&after=1695081600000,raw/okx/perp_ohlcv__ethusdt__20260922T031801303302Z__000094.json.gz,200,2026-09-22T03:19:18.979917+00:00,
okx,perp_ohlcv,ethusdt,https://www.okx.com/api/v5/market/history-candles?instId=ETH-USDT-SWAP&bar=1Dutc&limit=100&after=1686441600000,raw/okx/perp_ohlcv__ethusdt__20260922T031801303302Z__000095.json.gz,200,2026-09-22T03:19:19.493967+00:00,
okx,perp_ohlcv,ethusdt,https://www.okx.com/api/v5/market/history-candles?instId=ETH-USDT-SWAP&bar=1Dutc&limit=100&after=1677801600000,raw/okx/perp_ohlcv__ethusdt__20260922T031801303302Z__000096.json.gz,200,2026-09-22T03:19:19.993631+00:00,
okx,perp_ohlcv,ethusdt,https://www.okx.com/api/v5/market/history-candles?instId=ETH-USDT-SWAP&bar=1Dutc&limit=100&after=1669161600000,raw/okx/perp_ohlcv__ethusdt__20260922T031801303302Z__000097.json.gz,200,2026-09-22T03:19:20.495715+00:00,
okx,perp_ohlcv,ethusdt,https://www.okx.com/api/v5/market/history-candles?instId=ETH-USDT-SWAP&bar=1Dutc&limit=100&after=1660521600000,raw/okx/perp_ohlcv__ethusdt__20260922T031801303302Z__000098.json.gz,200,2026-09-22T03:19:21.014648+00:00,
okx,perp_ohlcv,ethusdt,https://www.okx.com/api/v5/market/history-candles?instId=ETH-USDT-SWAP&bar=1Dutc&limit=100&after=1651881600000,raw/okx/perp_ohlcv__ethusdt__20260922T031801303302Z__000099.json.gz,200,2026-09-22T03:19:21.545185+00:00,
okx,perp_ohlcv,ethusdt,https://www.okx.com/api/v5/market/history-candles?instId=ETH-USDT-SWAP&bar=1Dutc&limit=100&after=1643241600000,raw/okx/perp_ohlcv__ethusdt__20260922T031801303302Z__000100.json.gz,200,2026-09-22T03:19:22.062470+00:00,
okx,perp_ohlcv,ethusdt,https://www.okx.com/api/v5/market/history-candles?instId=ETH-USDT-SWAP&bar=1Dutc&limit=100&after=1634601600000,raw/okx/perp_ohlcv__ethusdt__20260922T031801303302Z__000101.json.gz,200,2026-09-22T03:19:22.559533+00:00,
okx,perp_ohlcv,ethusdt,https://www.okx.com/api/v5/market/history-candles?instId=ETH-USDT-SWAP&bar=1Dutc&limit=100&after=1625961600000,raw/okx/perp_ohlcv__ethusdt__20260922T031801303302Z__000102.json.gz,200,2026-09-22T03:19:23.080204+00:00,
okx,perp_ohlcv,ethusdt,https://www.okx.com/api/v5/market/history-candles?instId=ETH-USDT-SWAP&bar=1Dutc&limit=100&after=1617321600000,raw/okx/perp_ohlcv__ethusdt__20260922T031801303302Z__000103.json.gz,200,2026-09-22T03:19:23.574557+00:00,
okx,perp_ohlcv,ethusdt,https://www.okx.com/api/v5/market/history-candles?instId=ETH-USDT-SWAP&bar=1Dutc&limit=100&after=1608681600000,raw/okx/perp_ohlcv__ethusdt__20260922T031801303302Z__000104.json.gz,200,2026-09-22T03:19:24.082436+00:00,
okx,perp_ohlcv,ethusdt,https://www.okx.com/api/v5/market/history-candles?instId=ETH-USDT-SWAP&bar=1Dutc&limit=100&after=1600041600000,raw/okx/perp_ohlcv__ethusdt__20260922T031801303302Z__000105.json.gz,200,2026-09-22T03:19:24.557262+00:00,
okx,perp_ohlcv,ethusdt,https://www.okx.com/api/v5/market/history-candles?instId=ETH-USDT-SWAP&bar=1Dutc&limit=100&after=1591401600000,raw/okx/perp_ohlcv__ethusdt__20260922T031801303302Z__000106.json.gz,200,2026-09-22T03:19:25.056677+00:00,
okx,perp_ohlcv,ethusdt,https://www.okx.com/api/v5/market/history-candles?instId=ETH-USDT-SWAP&bar=1Dutc&limit=100&after=1582761600000,raw/okx/perp_ohlcv__ethusdt__20260922T031801303302Z__000107.json.gz,200,2026-09-22T03:19:25.564727+00:00,
okx,perp_ohlcv,ethusdt,https://www.okx.com/api/v5/market/history-candles?instId=ETH-USDT-SWAP&bar=1Dutc&limit=100&after=1577836800000,raw/okx/perp_ohlcv__ethusdt__20260922T031801303302Z__000108.json.gz,200,2026-09-22T03:19:26.053863+00:00,
okx,funding_events,btcusdt,https://www.okx.com/api/v5/public/funding-rate-history?instId=BTC-USDT-SWAP&limit=100,raw/okx/funding_events__btcusdt__20260922T031801303302Z__000109.json.gz,200,2026-09-22T03:19:26.518236+00:00,
okx,funding_events,btcusdt,https://www.okx.com/api/v5/public/funding-rate-history?instId=BTC-USDT-SWAP&limit=100&after=1787184000000,raw/okx/funding_events__btcusdt__20260922T031801303302Z__000110.json.gz,200,2026-09-22T03:19:27.024328+00:00,
okx,funding_events,btcusdt,https://www.okx.com/api/v5/public/funding-rate-history?instId=BTC-USDT-SWAP&limit=100&after=1784304000000,raw/okx/funding_events__btcusdt__20260922T031801303302Z__000111.json.gz,200,2026-09-22T03:19:27.548778+00:00,
okx,funding_events,btcusdt,https://www.okx.com/api/v5/public/funding-rate-history?instId=BTC-USDT-SWAP&limit=100&after=1781712000000,raw/okx/funding_events__btcusdt__20260922T031801303302Z__000112.json.gz,200,2026-09-22T03:19:28.055012+00:00,
okx,funding_events,ethusdt,https://www.okx.com/api/v5/public/funding-rate-history?instId=ETH-USDT-SWAP&limit=100,raw/okx/funding_events__ethusdt__20260922T031801303302Z__000113.json.gz,200,2026-09-22T03:19:28.393997+00:00,
okx,funding_events,ethusdt,https://www.okx.com/api/v5/public/funding-rate-history?instId=ETH-USDT-SWAP&limit=100&after=1787184000000,raw/okx/funding_events__ethusdt__20260922T031801303302Z__000114.json.gz,200,2026-09-22T03:19:28.909067+00:00,
okx,funding_events,ethusdt,https://www.okx.com/api/v5/public/funding-rate-history?instId=ETH-USDT-SWAP&limit=100&after=1784304000000,raw/okx/funding_events__ethusdt__20260922T031801303302Z__000115.json.gz,200,2026-09-22T03:19:29.461847+00:00,
okx,funding_events,ethusdt,https://www.okx.com/api/v5/public/funding-rate-history?instId=ETH-USDT-SWAP&limit=100&after=1781712000000,raw/okx/funding_events__ethusdt__20260922T031801303302Z__000116.json.gz,200,2026-09-22T03:19:29.989625+00:00,
okx,okx_oi_usd_all_contracts,btc,https://www.okx.com/api/v5/rubik/stat/contracts/open-interest-volume?ccy=BTC&period=1D,raw/okx/okx_oi_usd_all_contracts__btc__20260922T031801303302Z__000117.json.gz,200,2026-09-22T03:19:30.317927+00:00,
okx,okx_contract_volume_usd,btc,https://www.okx.com/api/v5/rubik/stat/contracts/open-interest-volume?ccy=BTC&period=1D,raw/okx/okx_contract_volume_usd__btc__20260922T031801303302Z__000118.json.gz,200,2026-09-22T03:19:30.872945+00:00,
okx,okx_long_short_account_ratio,btc,https://www.okx.com/api/v5/rubik/stat/contracts/long-short-account-ratio?ccy=BTC&period=1D,raw/okx/okx_long_short_account_ratio__btc__20260922T031801303302Z__000119.json.gz,200,2026-09-22T03:19:31.259772+00:00,
okx,okx_taker_buy_usd,btc,https://www.okx.com/api/v5/rubik/stat/taker-volume?ccy=BTC&instType=CONTRACTS&period=1D,raw/okx/okx_taker_buy_usd__btc__20260922T031801303302Z__000120.json.gz,200,2026-09-22T03:19:31.626358+00:00,
okx,okx_taker_sell_usd,btc,https://www.okx.com/api/v5/rubik/stat/taker-volume?ccy=BTC&instType=CONTRACTS&period=1D,raw/okx/okx_taker_sell_usd__btc__20260922T031801303302Z__000121.json.gz,200,2026-09-22T03:19:32.006957+00:00,
okx,okx_oi_usd_all_contracts,eth,https://www.okx.com/api/v5/rubik/stat/contracts/open-interest-volume?ccy=ETH&period=1D,raw/okx/okx_oi_usd_all_contracts__eth__20260922T031801303302Z__000122.json.gz,200,2026-09-22T03:19:32.404664+00:00,
okx,okx_contract_volume_usd,eth,https://www.okx.com/api/v5/rubik/stat/contracts/open-interest-volume?ccy=ETH&period=1D,raw/okx/okx_contract_volume_usd__eth__20260922T031801303302Z__000123.json.gz,200,2026-09-22T03:19:32.777630+00:00,
okx,okx_long_short_account_ratio,eth,https://www.okx.com/api/v5/rubik/stat/contracts/long-short-account-ratio?ccy=ETH&period=1D,raw/okx/okx_long_short_account_ratio__eth__20260922T031801303302Z__000124.json.gz,200,2026-09-22T03:19:33.205665+00:00,
okx,okx_taker_buy_usd,eth,https://www.okx.com/api/v5/rubik/stat/taker-volume?ccy=ETH&instType=CONTRACTS&period=1D,raw/okx/okx_taker_buy_usd__eth__20260922T031801303302Z__000125.json.gz,200,2026-09-22T03:19:33.581306+00:00,
okx,okx_taker_sell_usd,eth,https://www.okx.com/api/v5/rubik/stat/taker-volume?ccy=ETH&instType=CONTRACTS&period=1D,raw/okx/okx_taker_sell_usd__eth__20260922T031801303302Z__000126.json.gz,200,2026-09-22T03:19:33.983591+00:00,
defillama,stablecoin_mcap,,https://stablecoins.llama.fi/stablecoincharts/all,raw/defillama/stablecoin_mcap__na__20260922T031939204283Z__000001.json.gz,200,2026-09-22T03:19:39.204783+00:00,
defillama,stablecoin_mcap_ethereum,,https://stablecoins.llama.fi/stablecoincharts/Ethereum,raw/defillama/stablecoin_mcap_ethereum__na__20260922T031939204283Z__000002.json.gz,200,2026-09-22T03:19:39.627476+00:00,
defillama,stablecoin_mcap_tron,,https://stablecoins.llama.fi/stablecoincharts/Tron,raw/defillama/stablecoin_mcap_tron__na__20260922T031939204283Z__000003.json.gz,200,2026-09-22T03:19:40.075909+00:00,
defillama,stablecoin_mcap_solana,,https://stablecoins.llama.fi/stablecoincharts/Solana,raw/defillama/stablecoin_mcap_solana__na__20260922T031939204283Z__000004.json.gz,200,2026-09-22T03:19:40.374770+00:00,
defillama,stablecoin_mcap_arbitrum,,https://stablecoins.llama.fi/stablecoincharts/Arbitrum,raw/defillama/stablecoin_mcap_arbitrum__na__20260922T031939204283Z__000005.json.gz,200,2026-09-22T03:19:40.698169+00:00,
defillama,stablecoin_mcap_base,,https://stablecoins.llama.fi/stablecoincharts/Base,raw/defillama/stablecoin_mcap_base__na__20260922T031939204283Z__000006.json.gz,200,2026-09-22T03:19:41.060002+00:00,
defillama,stablecoin_mcap_bsc,,https://stablecoins.llama.fi/stablecoincharts/BSC,raw/defillama/stablecoin_mcap_bsc__na__20260922T031939204283Z__000007.json.gz,200,2026-09-22T03:19:41.360447+00:00,
defillama,total_tvl,,https://api.llama.fi/v2/historicalChainTvl,raw/defillama/total_tvl__na__20260922T031939204283Z__000008.json.gz,200,2026-09-22T03:19:41.680648+00:00,
defillama,dex_volume_usd,,https://api.llama.fi/overview/dexs?excludeTotalDataChart=false&excludeTotalDataChartBreakdown=true,raw/defillama/dex_volume_usd__na__20260922T031939204283Z__000009.json.gz,200,2026-09-22T03:19:41.902258+00:00,
defillama,protocol_fees_usd,,https://api.llama.fi/overview/fees?excludeTotalDataChart=false&excludeTotalDataChartBreakdown=true,raw/defillama/protocol_fees_usd__na__20260922T031939204283Z__000010.json.gz,200,2026-09-22T03:19:42.291107+00:00,
okx,spot_ohlcv,btcusdt,https://www.okx.com/api/v5/market/history-candles?instId=BTC-USDT&bar=1Dutc&limit=100,raw/okx/spot_ohlcv__btcusdt__20260922T032000003365Z__000001.json.gz,200,2026-09-22T03:20:00.003888+00:00,
okx,spot_ohlcv,btcusdt,https://www.okx.com/api/v5/market/history-candles?instId=BTC-USDT&bar=1Dutc&limit=100&after=1781481600000,raw/okx/spot_ohlcv__btcusdt__20260922T032000003365Z__000002.json.gz,200,2026-09-22T03:20:00.770162+00:00,
okx,spot_ohlcv,btcusdt,https://www.okx.com/api/v5/market/history-candles?instId=BTC-USDT&bar=1Dutc&limit=100&after=1772841600000,raw/okx/spot_ohlcv__btcusdt__20260922T032000003365Z__000003.json.gz,200,2026-09-22T03:20:01.318532+00:00,
okx,spot_ohlcv,btcusdt,https://www.okx.com/api/v5/market/history-candles?instId=BTC-USDT&bar=1Dutc&limit=100&after=1764201600000,raw/okx/spot_ohlcv__btcusdt__20260922T032000003365Z__000004.json.gz,200,2026-09-22T03:20:01.861374+00:00,
okx,spot_ohlcv,btcusdt,https://www.okx.com/api/v5/market/history-candles?instId=BTC-USDT&bar=1Dutc&limit=100&after=1755561600000,raw/okx/spot_ohlcv__btcusdt__20260922T032000003365Z__000005.json.gz,200,2026-09-22T03:20:02.395568+00:00,
okx,spot_ohlcv,btcusdt,https://www.okx.com/api/v5/market/history-candles?instId=BTC-USDT&bar=1Dutc&limit=100&after=1746921600000,raw/okx/spot_ohlcv__btcusdt__20260922T032000003365Z__000006.json.gz,200,2026-09-22T03:20:02.931616+00:00,
okx,spot_ohlcv,btcusdt,https://www.okx.com/api/v5/market/history-candles?instId=BTC-USDT&bar=1Dutc&limit=100&after=1738281600000,raw/okx/spot_ohlcv__btcusdt__20260922T032000003365Z__000007.json.gz,200,2026-09-22T03:20:03.446282+00:00,
okx,spot_ohlcv,btcusdt,https://www.okx.com/api/v5/market/history-candles?instId=BTC-USDT&bar=1Dutc&limit=100&after=1729641600000,raw/okx/spot_ohlcv__btcusdt__20260922T032000003365Z__000008.json.gz,200,2026-09-22T03:20:03.993864+00:00,
okx,spot_ohlcv,btcusdt,https://www.okx.com/api/v5/market/history-candles?instId=BTC-USDT&bar=1Dutc&limit=100&after=1721001600000,raw/okx/spot_ohlcv__btcusdt__20260922T032000003365Z__000009.json.gz,200,2026-09-22T03:20:04.524251+00:00,
okx,spot_ohlcv,btcusdt,https://www.okx.com/api/v5/market/history-candles?instId=BTC-USDT&bar=1Dutc&limit=100&after=1712361600000,raw/okx/spot_ohlcv__btcusdt__20260922T032000003365Z__000010.json.gz,200,2026-09-22T03:20:05.057109+00:00,
okx,spot_ohlcv,btcusdt,https://www.okx.com/api/v5/market/history-candles?instId=BTC-USDT&bar=1Dutc&limit=100&after=1703721600000,raw/okx/spot_ohlcv__btcusdt__20260922T032000003365Z__000011.json.gz,200,2026-09-22T03:20:05.600448+00:00,
okx,spot_ohlcv,btcusdt,https://www.okx.com/api/v5/market/history-candles?instId=BTC-USDT&bar=1Dutc&limit=100&after=1695081600000,raw/okx/spot_ohlcv__btcusdt__20260922T032000003365Z__000012.json.gz,200,2026-09-22T03:20:06.127205+00:00,
okx,spot_ohlcv,btcusdt,https://www.okx.com/api/v5/market/history-candles?instId=BTC-USDT&bar=1Dutc&limit=100&after=1686441600000,raw/okx/spot_ohlcv__btcusdt__20260922T032000003365Z__000013.json.gz,200,2026-09-22T03:20:06.661374+00:00,
okx,spot_ohlcv,btcusdt,https://www.okx.com/api/v5/market/history-candles?instId=BTC-USDT&bar=1Dutc&limit=100&after=1677801600000,raw/okx/spot_ohlcv__btcusdt__20260922T032000003365Z__000014.json.gz,200,2026-09-22T03:20:07.223305+00:00,
okx,spot_ohlcv,btcusdt,https://www.okx.com/api/v5/market/history-candles?instId=BTC-USDT&bar=1Dutc&limit=100&after=1669161600000,raw/okx/spot_ohlcv__btcusdt__20260922T032000003365Z__000015.json.gz,200,2026-09-22T03:20:07.745376+00:00,
okx,spot_ohlcv,btcusdt,https://www.okx.com/api/v5/market/history-candles?instId=BTC-USDT&bar=1Dutc&limit=100&after=1660521600000,raw/okx/spot_ohlcv__btcusdt__20260922T032000003365Z__000016.json.gz,200,2026-09-22T03:20:08.307204+00:00,
okx,spot_ohlcv,btcusdt,https://www.okx.com/api/v5/market/history-candles?instId=BTC-USDT&bar=1Dutc&limit=100&after=1651881600000,raw/okx/spot_ohlcv__btcusdt__20260922T032000003365Z__000017.json.gz,200,2026-09-22T03:20:08.831752+00:00,
okx,spot_ohlcv,btcusdt,https://www.okx.com/api/v5/market/history-candles?instId=BTC-USDT&bar=1Dutc&limit=100&after=1643241600000,raw/okx/spot_ohlcv__btcusdt__20260922T032000003365Z__000018.json.gz,200,2026-09-22T03:20:09.372999+00:00,
okx,spot_ohlcv,btcusdt,https://www.okx.com/api/v5/market/history-candles?instId=BTC-USDT&bar=1Dutc&limit=100&after=1634601600000,raw/okx/spot_ohlcv__btcusdt__20260922T032000003365Z__000019.json.gz,200,2026-09-22T03:20:09.890423+00:00,
okx,spot_ohlcv,btcusdt,https://www.okx.com/api/v5/market/history-candles?instId=BTC-USDT&bar=1Dutc&limit=100&after=1625961600000,raw/okx/spot_ohlcv__btcusdt__20260922T032000003365Z__000020.json.gz,200,2026-09-22T03:20:10.406620+00:00,
okx,spot_ohlcv,btcusdt,https://www.okx.com/api/v5/market/history-candles?instId=BTC-USDT&bar=1Dutc&limit=100&after=1617321600000,raw/okx/spot_ohlcv__btcusdt__20260922T032000003365Z__000021.json.gz,200,2026-09-22T03:20:10.987175+00:00,
okx,spot_ohlcv,btcusdt,https://www.okx.com/api/v5/market/history-candles?instId=BTC-USDT&bar=1Dutc&limit=100&after=1608681600000,raw/okx/spot_ohlcv__btcusdt__20260922T032000003365Z__000022.json.gz,200,2026-09-22T03:20:11.575350+00:00,
okx,spot_ohlcv,btcusdt,https://www.okx.com/api/v5/market/history-candles?instId=BTC-USDT&bar=1Dutc&limit=100&after=1600041600000,raw/okx/spot_ohlcv__btcusdt__20260922T032000003365Z__000023.json.gz,200,2026-09-22T03:20:12.094801+00:00,
okx,spot_ohlcv,btcusdt,https://www.okx.com/api/v5/market/history-candles?instId=BTC-USDT&bar=1Dutc&limit=100&after=1591401600000,raw/okx/spot_ohlcv__btcusdt__20260922T032000003365Z__000024.json.gz,200,2026-09-22T03:20:12.618440+00:00,
okx,spot_ohlcv,btcusdt,https://www.okx.com/api/v5/market/history-candles?instId=BTC-USDT&bar=1Dutc&limit=100&after=1582761600000,raw/okx/spot_ohlcv__btcusdt__20260922T032000003365Z__000025.json.gz,200,2026-09-22T03:20:13.138947+00:00,
okx,spot_ohlcv,btcusdt,https://www.okx.com/api/v5/market/history-candles?instId=BTC-USDT&bar=1Dutc&limit=100&after=1574121600000,raw/okx/spot_ohlcv__btcusdt__20260922T032000003365Z__000026.json.gz,200,2026-09-22T03:20:13.688627+00:00,
okx,spot_ohlcv,btcusdt,https://www.okx.com/api/v5/market/history-candles?instId=BTC-USDT&bar=1Dutc&limit=100&after=1565481600000,raw/okx/spot_ohlcv__btcusdt__20260922T032000003365Z__000027.json.gz,200,2026-09-22T03:20:14.239992+00:00,
okx,spot_ohlcv,btcusdt,https://www.okx.com/api/v5/market/history-candles?instId=BTC-USDT&bar=1Dutc&limit=100&after=1556841600000,raw/okx/spot_ohlcv__btcusdt__20260922T032000003365Z__000028.json.gz,200,2026-09-22T03:20:14.766846+00:00,
okx,spot_ohlcv,btcusdt,https://www.okx.com/api/v5/market/history-candles?instId=BTC-USDT&bar=1Dutc&limit=100&after=1548201600000,raw/okx/spot_ohlcv__btcusdt__20260922T032000003365Z__000029.json.gz,200,2026-09-22T03:20:15.321633+00:00,
okx,spot_ohlcv,btcusdt,https://www.okx.com/api/v5/market/history-candles?instId=BTC-USDT&bar=1Dutc&limit=100&after=1539561600000,raw/okx/spot_ohlcv__btcusdt__20260922T032000003365Z__000030.json.gz,200,2026-09-22T03:20:15.855703+00:00,
okx,spot_ohlcv,btcusdt,https://www.okx.com/api/v5/market/history-candles?instId=BTC-USDT&bar=1Dutc&limit=100&after=1530921600000,raw/okx/spot_ohlcv__btcusdt__20260922T032000003365Z__000031.json.gz,200,2026-09-22T03:20:16.394447+00:00,
okx,spot_ohlcv,btcusdt,https://www.okx.com/api/v5/market/history-candles?instId=BTC-USDT&bar=1Dutc&limit=100&after=1522281600000,raw/okx/spot_ohlcv__btcusdt__20260922T032000003365Z__000032.json.gz,200,2026-09-22T03:20:16.930312+00:00,
okx,spot_ohlcv,btcusdt,https://www.okx.com/api/v5/market/history-candles?instId=BTC-USDT&bar=1Dutc&limit=100&after=1515628800000,raw/okx/spot_ohlcv__btcusdt__20260922T032000003365Z__000033.json.gz,200,2026-09-22T03:20:17.486313+00:00,
okx,spot_ohlcv,ethusdt,https://www.okx.com/api/v5/market/history-candles?instId=ETH-USDT&bar=1Dutc&limit=100,raw/okx/spot_ohlcv__ethusdt__20260922T032000003365Z__000034.json.gz,200,2026-09-22T03:20:17.972867+00:00,
okx,spot_ohlcv,ethusdt,https://www.okx.com/api/v5/market/history-candles?instId=ETH-USDT&bar=1Dutc&limit=100&after=1781481600000,raw/okx/spot_ohlcv__ethusdt__20260922T032000003365Z__000035.json.gz,200,2026-09-22T03:20:18.517640+00:00,
okx,spot_ohlcv,ethusdt,https://www.okx.com/api/v5/market/history-candles?instId=ETH-USDT&bar=1Dutc&limit=100&after=1772841600000,raw/okx/spot_ohlcv__ethusdt__20260922T032000003365Z__000036.json.gz,200,2026-09-22T03:20:19.050688+00:00,
okx,spot_ohlcv,ethusdt,https://www.okx.com/api/v5/market/history-candles?instId=ETH-USDT&bar=1Dutc&limit=100&after=1764201600000,raw/okx/spot_ohlcv__ethusdt__20260922T032000003365Z__000037.json.gz,200,2026-09-22T03:20:19.591323+00:00,
okx,spot_ohlcv,ethusdt,https://www.okx.com/api/v5/market/history-candles?instId=ETH-USDT&bar=1Dutc&limit=100&after=1755561600000,raw/okx/spot_ohlcv__ethusdt__20260922T032000003365Z__000038.json.gz,200,2026-09-22T03:20:20.112744+00:00,
okx,spot_ohlcv,ethusdt,https://www.okx.com/api/v5/market/history-candles?instId=ETH-USDT&bar=1Dutc&limit=100&after=1746921600000,raw/okx/spot_ohlcv__ethusdt__20260922T032000003365Z__000039.json.gz,200,2026-09-22T03:20:20.636657+00:00,
okx,spot_ohlcv,ethusdt,https://www.okx.com/api/v5/market/history-candles?instId=ETH-USDT&bar=1Dutc&limit=100&after=1738281600000,raw/okx/spot_ohlcv__ethusdt__20260922T032000003365Z__000040.json.gz,200,2026-09-22T03:20:21.169832+00:00,
okx,spot_ohlcv,ethusdt,https://www.okx.com/api/v5/market/history-candles?instId=ETH-USDT&bar=1Dutc&limit=100&after=1729641600000,raw/okx/spot_ohlcv__ethusdt__20260922T032000003365Z__000041.json.gz,200,2026-09-22T03:20:21.681222+00:00,
okx,spot_ohlcv,ethusdt,https://www.okx.com/api/v5/market/history-candles?instId=ETH-USDT&bar=1Dutc&limit=100&after=1721001600000,raw/okx/spot_ohlcv__ethusdt__20260922T032000003365Z__000042.json.gz,200,2026-09-22T03:20:22.235114+00:00,
okx,spot_ohlcv,ethusdt,https://www.okx.com/api/v5/market/history-candles?instId=ETH-USDT&bar=1Dutc&limit=100&after=1712361600000,raw/okx/spot_ohlcv__ethusdt__20260922T032000003365Z__000043.json.gz,200,2026-09-22T03:20:22.766629+00:00,
okx,spot_ohlcv,ethusdt,https://www.okx.com/api/v5/market/history-candles?instId=ETH-USDT&bar=1Dutc&limit=100&after=1703721600000,raw/okx/spot_ohlcv__ethusdt__20260922T032000003365Z__000044.json.gz,200,2026-09-22T03:20:23.274947+00:00,
okx,spot_ohlcv,ethusdt,https://www.okx.com/api/v5/market/history-candles?instId=ETH-USDT&bar=1Dutc&limit=100&after=1695081600000,raw/okx/spot_ohlcv__ethusdt__20260922T032000003365Z__000045.json.gz,200,2026-09-22T03:20:23.789147+00:00,
okx,spot_ohlcv,ethusdt,https://www.okx.com/api/v5/market/history-candles?instId=ETH-USDT&bar=1Dutc&limit=100&after=1686441600000,raw/okx/spot_ohlcv__ethusdt__20260922T032000003365Z__000046.json.gz,200,2026-09-22T03:20:24.318418+00:00,
okx,spot_ohlcv,ethusdt,https://www.okx.com/api/v5/market/history-candles?instId=ETH-USDT&bar=1Dutc&limit=100&after=1677801600000,raw/okx/spot_ohlcv__ethusdt__20260922T032000003365Z__000047.json.gz,200,2026-09-22T03:20:24.832138+00:00,
okx,spot_ohlcv,ethusdt,https://www.okx.com/api/v5/market/history-candles?instId=ETH-USDT&bar=1Dutc&limit=100&after=1669161600000,raw/okx/spot_ohlcv__ethusdt__20260922T032000003365Z__000048.json.gz,200,2026-09-22T03:20:25.491474+00:00,
okx,spot_ohlcv,ethusdt,https://www.okx.com/api/v5/market/history-candles?instId=ETH-USDT&bar=1Dutc&limit=100&after=1660521600000,raw/okx/spot_ohlcv__ethusdt__20260922T032000003365Z__000049.json.gz,200,2026-09-22T03:20:26.023269+00:00,
okx,spot_ohlcv,ethusdt,https://www.okx.com/api/v5/market/history-candles?instId=ETH-USDT&bar=1Dutc&limit=100&after=1651881600000,raw/okx/spot_ohlcv__ethusdt__20260922T032000003365Z__000050.json.gz,200,2026-09-22T03:20:26.544195+00:00,
okx,spot_ohlcv,ethusdt,https://www.okx.com/api/v5/market/history-candles?instId=ETH-USDT&bar=1Dutc&limit=100&after=1643241600000,raw/okx/spot_ohlcv__ethusdt__20260922T032000003365Z__000051.json.gz,200,2026-09-22T03:20:27.085331+00:00,
okx,spot_ohlcv,ethusdt,https://www.okx.com/api/v5/market/history-candles?instId=ETH-USDT&bar=1Dutc&limit=100&after=1634601600000,raw/okx/spot_ohlcv__ethusdt__20260922T032000003365Z__000052.json.gz,200,2026-09-22T03:20:27.641873+00:00,
okx,spot_ohlcv,ethusdt,https://www.okx.com/api/v5/market/history-candles?instId=ETH-USDT&bar=1Dutc&limit=100&after=1625961600000,raw/okx/spot_ohlcv__ethusdt__20260922T032000003365Z__000053.json.gz,200,2026-09-22T03:20:28.187296+00:00,
okx,spot_ohlcv,ethusdt,https://www.okx.com/api/v5/market/history-candles?instId=ETH-USDT&bar=1Dutc&limit=100&after=1617321600000,raw/okx/spot_ohlcv__ethusdt__20260922T032000003365Z__000054.json.gz,200,2026-09-22T03:20:28.742358+00:00,
okx,spot_ohlcv,ethusdt,https://www.okx.com/api/v5/market/history-candles?instId=ETH-USDT&bar=1Dutc&limit=100&after=1608681600000,raw/okx/spot_ohlcv__ethusdt__20260922T032000003365Z__000055.json.gz,200,2026-09-22T03:20:29.265831+00:00,
okx,spot_ohlcv,ethusdt,https://www.okx.com/api/v5/market/history-candles?instId=ETH-USDT&bar=1Dutc&limit=100&after=1600041600000,raw/okx/spot_ohlcv__ethusdt__20260922T032000003365Z__000056.json.gz,200,2026-09-22T03:20:29.797845+00:00,
okx,spot_ohlcv,ethusdt,https://www.okx.com/api/v5/market/history-candles?instId=ETH-USDT&bar=1Dutc&limit=100&after=1591401600000,raw/okx/spot_ohlcv__ethusdt__20260922T032000003365Z__000057.json.gz,200,2026-09-22T03:20:30.349326+00:00,
okx,spot_ohlcv,ethusdt,https://www.okx.com/api/v5/market/history-candles?instId=ETH-USDT&bar=1Dutc&limit=100&after=1582761600000,raw/okx/spot_ohlcv__ethusdt__20260922T032000003365Z__000058.json.gz,200,2026-09-22T03:20:30.967705+00:00,
okx,spot_ohlcv,ethusdt,https://www.okx.com/api/v5/market/history-candles?instId=ETH-USDT&bar=1Dutc&limit=100&after=1574121600000,raw/okx/spot_ohlcv__ethusdt__20260922T032000003365Z__000059.json.gz,200,2026-09-22T03:20:31.496741+00:00,
okx,spot_ohlcv,ethusdt,https://www.okx.com/api/v5/market/history-candles?instId=ETH-USDT&bar=1Dutc&limit=100&after=1565481600000,raw/okx/spot_ohlcv__ethusdt__20260922T032000003365Z__000060.json.gz,200,2026-09-22T03:20:32.088363+00:00,
okx,spot_ohlcv,ethusdt,https://www.okx.com/api/v5/market/history-candles?instId=ETH-USDT&bar=1Dutc&limit=100&after=1556841600000,raw/okx/spot_ohlcv__ethusdt__20260922T032000003365Z__000061.json.gz,200,2026-09-22T03:20:32.592721+00:00,
okx,spot_ohlcv,ethusdt,https://www.okx.com/api/v5/market/history-candles?instId=ETH-USDT&bar=1Dutc&limit=100&after=1548201600000,raw/okx/spot_ohlcv__ethusdt__20260922T032000003365Z__000062.json.gz,200,2026-09-22T03:20:33.154951+00:00,
okx,spot_ohlcv,ethusdt,https://www.okx.com/api/v5/market/history-candles?instId=ETH-USDT&bar=1Dutc&limit=100&after=1539561600000,raw/okx/spot_ohlcv__ethusdt__20260922T032000003365Z__000063.json.gz,200,2026-09-22T03:20:33.687090+00:00,
okx,spot_ohlcv,ethusdt,https://www.okx.com/api/v5/market/history-candles?instId=ETH-USDT&bar=1Dutc&limit=100&after=1530921600000,raw/okx/spot_ohlcv__ethusdt__20260922T032000003365Z__000064.json.gz,200,2026-09-22T03:20:34.223815+00:00,
okx,spot_ohlcv,ethusdt,https://www.okx.com/api/v5/market/history-candles?instId=ETH-USDT&bar=1Dutc&limit=100&after=1522281600000,raw/okx/spot_ohlcv__ethusdt__20260922T032000003365Z__000065.json.gz,200,2026-09-22T03:20:34.736435+00:00,
okx,spot_ohlcv,ethusdt,https://www.okx.com/api/v5/market/history-candles?instId=ETH-USDT&bar=1Dutc&limit=100&after=1515628800000,raw/okx/spot_ohlcv__ethusdt__20260922T032000003365Z__000066.json.gz,200,2026-09-22T03:20:35.283631+00:00,
okx,perp_ohlcv,btcusdt,https://www.okx.com/api/v5/market/history-candles?instId=BTC-USDT-SWAP&bar=1Dutc&limit=100,raw/okx/perp_ohlcv__btcusdt__20260922T032000003365Z__000067.json.gz,200,2026-09-22T03:20:35.776881+00:00,
okx,perp_ohlcv,btcusdt,https://www.okx.com/api/v5/market/history-candles?instId=BTC-USDT-SWAP&bar=1Dutc&limit=100&after=1781481600000,raw/okx/perp_ohlcv__btcusdt__20260922T032000003365Z__000068.json.gz,200,2026-09-22T03:20:36.323566+00:00,
okx,perp_ohlcv,btcusdt,https://www.okx.com/api/v5/market/history-candles?instId=BTC-USDT-SWAP&bar=1Dutc&limit=100&after=1772841600000,raw/okx/perp_ohlcv__btcusdt__20260922T032000003365Z__000069.json.gz,200,2026-09-22T03:20:36.853179+00:00,
okx,perp_ohlcv,btcusdt,https://www.okx.com/api/v5/market/history-candles?instId=BTC-USDT-SWAP&bar=1Dutc&limit=100&after=1764201600000,raw/okx/perp_ohlcv__btcusdt__20260922T032000003365Z__000070.json.gz,200,2026-09-22T03:20:37.374318+00:00,
okx,perp_ohlcv,btcusdt,https://www.okx.com/api/v5/market/history-candles?instId=BTC-USDT-SWAP&bar=1Dutc&limit=100&after=1755561600000,raw/okx/perp_ohlcv__btcusdt__20260922T032000003365Z__000071.json.gz,200,2026-09-22T03:20:37.889382+00:00,
okx,perp_ohlcv,btcusdt,https://www.okx.com/api/v5/market/history-candles?instId=BTC-USDT-SWAP&bar=1Dutc&limit=100&after=1746921600000,raw/okx/perp_ohlcv__btcusdt__20260922T032000003365Z__000072.json.gz,200,2026-09-22T03:20:38.417401+00:00,
okx,perp_ohlcv,btcusdt,https://www.okx.com/api/v5/market/history-candles?instId=BTC-USDT-SWAP&bar=1Dutc&limit=100&after=1738281600000,raw/okx/perp_ohlcv__btcusdt__20260922T032000003365Z__000073.json.gz,200,2026-09-22T03:20:38.935121+00:00,
okx,perp_ohlcv,btcusdt,https://www.okx.com/api/v5/market/history-candles?instId=BTC-USDT-SWAP&bar=1Dutc&limit=100&after=1729641600000,raw/okx/perp_ohlcv__btcusdt__20260922T032000003365Z__000074.json.gz,200,2026-09-22T03:20:39.468423+00:00,
okx,perp_ohlcv,btcusdt,https://www.okx.com/api/v5/market/history-candles?instId=BTC-USDT-SWAP&bar=1Dutc&limit=100&after=1721001600000,raw/okx/perp_ohlcv__btcusdt__20260922T032000003365Z__000075.json.gz,200,2026-09-22T03:20:40.010821+00:00,
okx,perp_ohlcv,btcusdt,https://www.okx.com/api/v5/market/history-candles?instId=BTC-USDT-SWAP&bar=1Dutc&limit=100&after=1712361600000,raw/okx/perp_ohlcv__btcusdt__20260922T032000003365Z__000076.json.gz,200,2026-09-22T03:20:40.543638+00:00,
okx,perp_ohlcv,btcusdt,https://www.okx.com/api/v5/market/history-candles?instId=BTC-USDT-SWAP&bar=1Dutc&limit=100&after=1703721600000,raw/okx/perp_ohlcv__btcusdt__20260922T032000003365Z__000077.json.gz,200,2026-09-22T03:20:41.070934+00:00,
okx,perp_ohlcv,btcusdt,https://www.okx.com/api/v5/market/history-candles?instId=BTC-USDT-SWAP&bar=1Dutc&limit=100&after=1695081600000,raw/okx/perp_ohlcv__btcusdt__20260922T032000003365Z__000078.json.gz,200,2026-09-22T03:20:41.569055+00:00,
okx,perp_ohlcv,btcusdt,https://www.okx.com/api/v5/market/history-candles?instId=BTC-USDT-SWAP&bar=1Dutc&limit=100&after=1686441600000,raw/okx/perp_ohlcv__btcusdt__20260922T032000003365Z__000079.json.gz,200,2026-09-22T03:20:42.067761+00:00,
okx,perp_ohlcv,btcusdt,https://www.okx.com/api/v5/market/history-candles?instId=BTC-USDT-SWAP&bar=1Dutc&limit=100&after=1677801600000,raw/okx/perp_ohlcv__btcusdt__20260922T032000003365Z__000080.json.gz,200,2026-09-22T03:20:42.594300+00:00,
okx,perp_ohlcv,btcusdt,https://www.okx.com/api/v5/market/history-candles?instId=BTC-USDT-SWAP&bar=1Dutc&limit=100&after=1669161600000,raw/okx/perp_ohlcv__btcusdt__20260922T032000003365Z__000081.json.gz,200,2026-09-22T03:20:43.160978+00:00,
okx,perp_ohlcv,btcusdt,https://www.okx.com/api/v5/market/history-candles?instId=BTC-USDT-SWAP&bar=1Dutc&limit=100&after=1660521600000,raw/okx/perp_ohlcv__btcusdt__20260922T032000003365Z__000082.json.gz,200,2026-09-22T03:20:43.711617+00:00,
okx,perp_ohlcv,btcusdt,https://www.okx.com/api/v5/market/history-candles?instId=BTC-USDT-SWAP&bar=1Dutc&limit=100&after=1651881600000,raw/okx/perp_ohlcv__btcusdt__20260922T032000003365Z__000083.json.gz,200,2026-09-22T03:20:44.241377+00:00,
okx,perp_ohlcv,btcusdt,https://www.okx.com/api/v5/market/history-candles?instId=BTC-USDT-SWAP&bar=1Dutc&limit=100&after=1643241600000,raw/okx/perp_ohlcv__btcusdt__20260922T032000003365Z__000084.json.gz,200,2026-09-22T03:20:44.748515+00:00,
okx,perp_ohlcv,btcusdt,https://www.okx.com/api/v5/market/history-candles?instId=BTC-USDT-SWAP&bar=1Dutc&limit=100&after=1634601600000,raw/okx/perp_ohlcv__btcusdt__20260922T032000003365Z__000085.json.gz,200,2026-09-22T03:20:45.256202+00:00,
okx,perp_ohlcv,btcusdt,https://www.okx.com/api/v5/market/history-candles?instId=BTC-USDT-SWAP&bar=1Dutc&limit=100&after=1625961600000,raw/okx/perp_ohlcv__btcusdt__20260922T032000003365Z__000086.json.gz,200,2026-09-22T03:20:45.794367+00:00,
okx,perp_ohlcv,btcusdt,https://www.okx.com/api/v5/market/history-candles?instId=BTC-USDT-SWAP&bar=1Dutc&limit=100&after=1617321600000,raw/okx/perp_ohlcv__btcusdt__20260922T032000003365Z__000087.json.gz,200,2026-09-22T03:20:46.338602+00:00,
okx,perp_ohlcv,btcusdt,https://www.okx.com/api/v5/market/history-candles?instId=BTC-USDT-SWAP&bar=1Dutc&limit=100&after=1608681600000,raw/okx/perp_ohlcv__btcusdt__20260922T032000003365Z__000088.json.gz,200,2026-09-22T03:20:46.872492+00:00,
okx,perp_ohlcv,btcusdt,https://www.okx.com/api/v5/market/history-candles?instId=BTC-USDT-SWAP&bar=1Dutc&limit=100&after=1600041600000,raw/okx/perp_ohlcv__btcusdt__20260922T032000003365Z__000089.json.gz,200,2026-09-22T03:20:47.401479+00:00,
okx,perp_ohlcv,btcusdt,https://www.okx.com/api/v5/market/history-candles?instId=BTC-USDT-SWAP&bar=1Dutc&limit=100&after=1591401600000,raw/okx/perp_ohlcv__btcusdt__20260922T032000003365Z__000090.json.gz,200,2026-09-22T03:20:47.927815+00:00,
okx,perp_ohlcv,btcusdt,https://www.okx.com/api/v5/market/history-candles?instId=BTC-USDT-SWAP&bar=1Dutc&limit=100&after=1582761600000,raw/okx/perp_ohlcv__btcusdt__20260922T032000003365Z__000091.json.gz,200,2026-09-22T03:20:48.493093+00:00,
okx,perp_ohlcv,btcusdt,https://www.okx.com/api/v5/market/history-candles?instId=BTC-USDT-SWAP&bar=1Dutc&limit=100&after=1577836800000,raw/okx/perp_ohlcv__btcusdt__20260922T032000003365Z__000092.json.gz,200,2026-09-22T03:20:49.058360+00:00,
okx,perp_ohlcv,ethusdt,https://www.okx.com/api/v5/market/history-candles?instId=ETH-USDT-SWAP&bar=1Dutc&limit=100,raw/okx/perp_ohlcv__ethusdt__20260922T032000003365Z__000093.json.gz,200,2026-09-22T03:20:49.524831+00:00,
okx,perp_ohlcv,ethusdt,https://www.okx.com/api/v5/market/history-candles?instId=ETH-USDT-SWAP&bar=1Dutc&limit=100&after=1781481600000,raw/okx/perp_ohlcv__ethusdt__20260922T032000003365Z__000094.json.gz,200,2026-09-22T03:20:50.070625+00:00,
okx,perp_ohlcv,ethusdt,https://www.okx.com/api/v5/market/history-candles?instId=ETH-USDT-SWAP&bar=1Dutc&limit=100&after=1772841600000,raw/okx/perp_ohlcv__ethusdt__20260922T032000003365Z__000095.json.gz,200,2026-09-22T03:20:50.577264+00:00,
okx,perp_ohlcv,ethusdt,https://www.okx.com/api/v5/market/history-candles?instId=ETH-USDT-SWAP&bar=1Dutc&limit=100&after=1764201600000,raw/okx/perp_ohlcv__ethusdt__20260922T032000003365Z__000096.json.gz,200,2026-09-22T03:20:51.107600+00:00,
okx,perp_ohlcv,ethusdt,https://www.okx.com/api/v5/market/history-candles?instId=ETH-USDT-SWAP&bar=1Dutc&limit=100&after=1755561600000,raw/okx/perp_ohlcv__ethusdt__20260922T032000003365Z__000097.json.gz,200,2026-09-22T03:20:51.640583+00:00,
okx,perp_ohlcv,ethusdt,https://www.okx.com/api/v5/market/history-candles?instId=ETH-USDT-SWAP&bar=1Dutc&limit=100&after=1746921600000,raw/okx/perp_ohlcv__ethusdt__20260922T032000003365Z__000098.json.gz,200,2026-09-22T03:20:52.173286+00:00,
okx,perp_ohlcv,ethusdt,https://www.okx.com/api/v5/market/history-candles?instId=ETH-USDT-SWAP&bar=1Dutc&limit=100&after=1738281600000,raw/okx/perp_ohlcv__ethusdt__20260922T032000003365Z__000099.json.gz,200,2026-09-22T03:20:52.684483+00:00,
okx,perp_ohlcv,ethusdt,https://www.okx.com/api/v5/market/history-candles?instId=ETH-USDT-SWAP&bar=1Dutc&limit=100&after=1729641600000,raw/okx/perp_ohlcv__ethusdt__20260922T032000003365Z__000100.json.gz,200,2026-09-22T03:20:53.203743+00:00,
okx,perp_ohlcv,ethusdt,https://www.okx.com/api/v5/market/history-candles?instId=ETH-USDT-SWAP&bar=1Dutc&limit=100&after=1721001600000,raw/okx/perp_ohlcv__ethusdt__20260922T032000003365Z__000101.json.gz,200,2026-09-22T03:20:53.706899+00:00,
okx,perp_ohlcv,ethusdt,https://www.okx.com/api/v5/market/history-candles?instId=ETH-USDT-SWAP&bar=1Dutc&limit=100&after=1712361600000,raw/okx/perp_ohlcv__ethusdt__20260922T032000003365Z__000102.json.gz,200,2026-09-22T03:20:54.223384+00:00,
okx,perp_ohlcv,ethusdt,https://www.okx.com/api/v5/market/history-candles?instId=ETH-USDT-SWAP&bar=1Dutc&limit=100&after=1703721600000,raw/okx/perp_ohlcv__ethusdt__20260922T032000003365Z__000103.json.gz,200,2026-09-22T03:20:54.747898+00:00,
okx,perp_ohlcv,ethusdt,https://www.okx.com/api/v5/market/history-candles?instId=ETH-USDT-SWAP&bar=1Dutc&limit=100&after=1695081600000,raw/okx/perp_ohlcv__ethusdt__20260922T032000003365Z__000104.json.gz,200,2026-09-22T03:20:55.244475+00:00,
okx,perp_ohlcv,ethusdt,https://www.okx.com/api/v5/market/history-candles?instId=ETH-USDT-SWAP&bar=1Dutc&limit=100&after=1686441600000,raw/okx/perp_ohlcv__ethusdt__20260922T032000003365Z__000105.json.gz,200,2026-09-22T03:20:55.769540+00:00,
okx,perp_ohlcv,ethusdt,https://www.okx.com/api/v5/market/history-candles?instId=ETH-USDT-SWAP&bar=1Dutc&limit=100&after=1677801600000,raw/okx/perp_ohlcv__ethusdt__20260922T032000003365Z__000106.json.gz,200,2026-09-22T03:20:56.282584+00:00,
okx,perp_ohlcv,ethusdt,https://www.okx.com/api/v5/market/history-candles?instId=ETH-USDT-SWAP&bar=1Dutc&limit=100&after=1669161600000,raw/okx/perp_ohlcv__ethusdt__20260922T032000003365Z__000107.json.gz,200,2026-09-22T03:20:56.798933+00:00,
okx,perp_ohlcv,ethusdt,https://www.okx.com/api/v5/market/history-candles?instId=ETH-USDT-SWAP&bar=1Dutc&limit=100&after=1660521600000,raw/okx/perp_ohlcv__ethusdt__20260922T032000003365Z__000108.json.gz,200,2026-09-22T03:20:57.308627+00:00,
okx,perp_ohlcv,ethusdt,https://www.okx.com/api/v5/market/history-candles?instId=ETH-USDT-SWAP&bar=1Dutc&limit=100&after=1651881600000,raw/okx/perp_ohlcv__ethusdt__20260922T032000003365Z__000109.json.gz,200,2026-09-22T03:20:57.831628+00:00,
okx,perp_ohlcv,ethusdt,https://www.okx.com/api/v5/market/history-candles?instId=ETH-USDT-SWAP&bar=1Dutc&limit=100&after=1643241600000,raw/okx/perp_ohlcv__ethusdt__20260922T032000003365Z__000110.json.gz,200,2026-09-22T03:20:58.362011+00:00,
okx,perp_ohlcv,ethusdt,https://www.okx.com/api/v5/market/history-candles?instId=ETH-USDT-SWAP&bar=1Dutc&limit=100&after=1634601600000,raw/okx/perp_ohlcv__ethusdt__20260922T032000003365Z__000111.json.gz,200,2026-09-22T03:20:58.892243+00:00,
okx,perp_ohlcv,ethusdt,https://www.okx.com/api/v5/market/history-candles?instId=ETH-USDT-SWAP&bar=1Dutc&limit=100&after=1625961600000,raw/okx/perp_ohlcv__ethusdt__20260922T032000003365Z__000112.json.gz,200,2026-09-22T03:20:59.407776+00:00,
okx,perp_ohlcv,ethusdt,https://www.okx.com/api/v5/market/history-candles?instId=ETH-USDT-SWAP&bar=1Dutc&limit=100&after=1617321600000,raw/okx/perp_ohlcv__ethusdt__20260922T032000003365Z__000113.json.gz,200,2026-09-22T03:20:59.939766+00:00,
okx,perp_ohlcv,ethusdt,https://www.okx.com/api/v5/market/history-candles?instId=ETH-USDT-SWAP&bar=1Dutc&limit=100&after=1608681600000,raw/okx/perp_ohlcv__ethusdt__20260922T032000003365Z__000114.json.gz,200,2026-09-22T03:21:00.570356+00:00,
okx,perp_ohlcv,ethusdt,https://www.okx.com/api/v5/market/history-candles?instId=ETH-USDT-SWAP&bar=1Dutc&limit=100&after=1600041600000,raw/okx/perp_ohlcv__ethusdt__20260922T032000003365Z__000115.json.gz,200,2026-09-22T03:21:01.207227+00:00,
okx,perp_ohlcv,ethusdt,https://www.okx.com/api/v5/market/history-candles?instId=ETH-USDT-SWAP&bar=1Dutc&limit=100&after=1591401600000,raw/okx/perp_ohlcv__ethusdt__20260922T032000003365Z__000116.json.gz,200,2026-09-22T03:21:01.748672+00:00,
okx,perp_ohlcv,ethusdt,https://www.okx.com/api/v5/market/history-candles?instId=ETH-USDT-SWAP&bar=1Dutc&limit=100&after=1582761600000,raw/okx/perp_ohlcv__ethusdt__20260922T032000003365Z__000117.json.gz,200,2026-09-22T03:21:02.273908+00:00,
okx,perp_ohlcv,ethusdt,https://www.okx.com/api/v5/market/history-candles?instId=ETH-USDT-SWAP&bar=1Dutc&limit=100&after=1577836800000,raw/okx/perp_ohlcv__ethusdt__20260922T032000003365Z__000118.json.gz,200,2026-09-22T03:21:02.799339+00:00,
okx,funding_events,btcusdt,https://www.okx.com/api/v5/public/funding-rate-history?instId=BTC-USDT-SWAP&limit=100,raw/okx/funding_events__btcusdt__20260922T032000003365Z__000119.json.gz,200,2026-09-22T03:21:03.245505+00:00,
okx,funding_events,btcusdt,https://www.okx.com/api/v5/public/funding-rate-history?instId=BTC-USDT-SWAP&limit=100&after=1787184000000,raw/okx/funding_events__btcusdt__20260922T032000003365Z__000120.json.gz,200,2026-09-22T03:21:03.753275+00:00,
okx,funding_events,btcusdt,https://www.okx.com/api/v5/public/funding-rate-history?instId=BTC-USDT-SWAP&limit=100&after=1784304000000,raw/okx/funding_events__btcusdt__20260922T032000003365Z__000121.json.gz,200,2026-09-22T03:21:04.294507+00:00,
okx,funding_events,btcusdt,https://www.okx.com/api/v5/public/funding-rate-history?instId=BTC-USDT-SWAP&limit=100&after=1781712000000,raw/okx/funding_events__btcusdt__20260922T032000003365Z__000122.json.gz,200,2026-09-22T03:21:04.813538+00:00,
okx,funding_events,ethusdt,https://www.okx.com/api/v5/public/funding-rate-history?instId=ETH-USDT-SWAP&limit=100,raw/okx/funding_events__ethusdt__20260922T032000003365Z__000123.json.gz,200,2026-09-22T03:21:05.168083+00:00,
okx,funding_events,ethusdt,https://www.okx.com/api/v5/public/funding-rate-history?instId=ETH-USDT-SWAP&limit=100&after=1787184000000,raw/okx/funding_events__ethusdt__20260922T032000003365Z__000124.json.gz,200,2026-09-22T03:21:05.684541+00:00,
okx,funding_events,ethusdt,https://www.okx.com/api/v5/public/funding-rate-history?instId=ETH-USDT-SWAP&limit=100&after=1784304000000,raw/okx/funding_events__ethusdt__20260922T032000003365Z__000125.json.gz,200,2026-09-22T03:21:06.200697+00:00,
okx,funding_events,ethusdt,https://www.okx.com/api/v5/public/funding-rate-history?instId=ETH-USDT-SWAP&limit=100&after=1781712000000,raw/okx/funding_events__ethusdt__20260922T032000003365Z__000126.json.gz,200,2026-09-22T03:21:06.762450+00:00,
okx,okx_oi_usd_all_contracts,btc,https://www.okx.com/api/v5/rubik/stat/contracts/open-interest-volume?ccy=BTC&period=1D,raw/okx/okx_oi_usd_all_contracts__btc__20260922T032000003365Z__000127.json.gz,200,2026-09-22T03:21:07.145131+00:00,
okx,okx_contract_volume_usd,btc,https://www.okx.com/api/v5/rubik/stat/contracts/open-interest-volume?ccy=BTC&period=1D,raw/okx/okx_contract_volume_usd__btc__20260922T032000003365Z__000128.json.gz,200,2026-09-22T03:21:07.544997+00:00,
okx,okx_long_short_account_ratio,btc,https://www.okx.com/api/v5/rubik/stat/contracts/long-short-account-ratio?ccy=BTC&period=1D,raw/okx/okx_long_short_account_ratio__btc__20260922T032000003365Z__000129.json.gz,200,2026-09-22T03:21:07.965474+00:00,
okx,okx_taker_buy_usd,btc,https://www.okx.com/api/v5/rubik/stat/taker-volume?ccy=BTC&instType=CONTRACTS&period=1D,raw/okx/okx_taker_buy_usd__btc__20260922T032000003365Z__000130.json.gz,200,2026-09-22T03:21:08.400409+00:00,
okx,okx_taker_sell_usd,btc,https://www.okx.com/api/v5/rubik/stat/taker-volume?ccy=BTC&instType=CONTRACTS&period=1D,raw/okx/okx_taker_sell_usd__btc__20260922T032000003365Z__000131.json.gz,200,2026-09-22T03:21:08.812301+00:00,
okx,okx_oi_usd_all_contracts,eth,https://www.okx.com/api/v5/rubik/stat/contracts/open-interest-volume?ccy=ETH&period=1D,raw/okx/okx_oi_usd_all_contracts__eth__20260922T032000003365Z__000132.json.gz,200,2026-09-22T03:21:09.230665+00:00,
okx,okx_contract_volume_usd,eth,https://www.okx.com/api/v5/rubik/stat/contracts/open-interest-volume?ccy=ETH&period=1D,raw/okx/okx_contract_volume_usd__eth__20260922T032000003365Z__000133.json.gz,200,2026-09-22T03:21:09.633747+00:00,
okx,okx_long_short_account_ratio,eth,https://www.okx.com/api/v5/rubik/stat/contracts/long-short-account-ratio?ccy=ETH&period=1D,raw/okx/okx_long_short_account_ratio__eth__20260922T032000003365Z__000134.json.gz,200,2026-09-22T03:21:10.037904+00:00,
okx,okx_taker_buy_usd,eth,https://www.okx.com/api/v5/rubik/stat/taker-volume?ccy=ETH&instType=CONTRACTS&period=1D,raw/okx/okx_taker_buy_usd__eth__20260922T032000003365Z__000135.json.gz,200,2026-09-22T03:21:10.456802+00:00,
okx,okx_taker_sell_usd,eth,https://www.okx.com/api/v5/rubik/stat/taker-volume?ccy=ETH&instType=CONTRACTS&period=1D,raw/okx/okx_taker_sell_usd__eth__20260922T032000003365Z__000136.json.gz,200,2026-09-22T03:21:10.856041+00:00,
binance_spot,spot_close,btcusdt,https://api.binance.com/api/v3/klines?symbol=BTCUSDT&interval=1d&limit=1000&startTime=1502928000000,raw/binance_spot/spot_close__btcusdt__20260922T032115461715Z__000001.json.gz,451,2026-09-22T03:21:15.462254+00:00,HTTP Error 451: 
binance_futures,funding_rate_daily,btcusdt,https://fapi.binance.com/fapi/v1/fundingRate?symbol=BTCUSDT&limit=1000&startTime=1546300800000,raw/binance_futures/funding_rate_daily__btcusdt__20260922T032115461715Z__000002.json.gz,451,2026-09-22T03:21:15.689301+00:00,HTTP Error 451: 
binance_futures,open_interest,btcusdt,https://fapi.binance.com/futures/data/openInterestHist?symbol=BTCUSDT&period=1d&limit=500,raw/binance_futures/open_interest__btcusdt__20260922T032115461715Z__000003.json.gz,451,2026-09-22T03:21:15.896427+00:00,HTTP Error 451: 
binance_futures,taker_buy_sell_ratio,btcusdt,https://fapi.binance.com/futures/data/takerlongshortRatio?symbol=BTCUSDT&period=1d&limit=500,raw/binance_futures/taker_buy_sell_ratio__btcusdt__20260922T032115461715Z__000004.json.gz,451,2026-09-22T03:21:16.110467+00:00,HTTP Error 451: 
binance_futures,long_short_ratio,btcusdt,https://fapi.binance.com/futures/data/globalLongShortAccountRatio?symbol=BTCUSDT&period=1d&limit=500,raw/binance_futures/long_short_ratio__btcusdt__20260922T032115461715Z__000005.json.gz,451,2026-09-22T03:21:16.327298+00:00,HTTP Error 451: 
bybit,funding_rate_daily,btcusdt,https://api.bybit.com/v5/market/funding-rate-history?category=linear&symbol=BTCUSDT&limit=200,raw/bybit/funding_rate_daily__btcusdt__20260922T032121025547Z__000001.json.gz,403,2026-09-22T03:21:21.026072+00:00,HTTP Error 403: Forbidden
bybit,spot_close,btcusdt,https://api.bybit.com/v5/market/kline?category=spot&symbol=BTCUSDT&interval=D&limit=1000,raw/bybit/spot_close__btcusdt__20260922T032121025547Z__000002.json.gz,403,2026-09-22T03:21:21.305198+00:00,HTTP Error 403: Forbidden
farside,etf_flow_musd,btc,https://farside.co.uk/bitcoin-etf-flow-all-data/,raw/farside/etf_flow_musd__btc__20260922T032125793836Z__000001.html.gz,200,2026-09-22T03:21:25.794353+00:00,
farside,etf_flow_musd,btc,https://farside.co.uk/btc/,raw/farside/etf_flow_musd__btc__20260922T032125793836Z__000002.html.gz,200,2026-09-22T03:21:26.699291+00:00,
farside,etf_flow_musd,eth,https://farside.co.uk/eth/,raw/farside/etf_flow_musd__eth__20260922T032125793836Z__000003.html.gz,200,2026-09-22T03:21:27.542134+00:00,
blockchain_info,DiffMean,btc,https://api.blockchain.info/charts/difficulty?timespan=all&format=json&sampled=false,raw/blockchain_info/DiffMean__btc__20260922T032132564352Z__000001.json.gz,200,2026-09-22T03:21:32.564891+00:00,
blockchain_info,FeeTotUSD,btc,https://api.blockchain.info/charts/transaction-fees-usd?timespan=all&format=json&sampled=false,raw/blockchain_info/FeeTotUSD__btc__20260922T032132564352Z__000002.json.gz,200,2026-09-22T03:21:33.389483+00:00,
blockchain_info,RevUSD,btc,https://api.blockchain.info/charts/miners-revenue?timespan=all&format=json&sampled=false,raw/blockchain_info/RevUSD__btc__20260922T032132564352Z__000003.json.gz,200,2026-09-22T03:21:34.121015+00:00,
coingecko,PriceUSD,btc,https://api.coingecko.com/api/v3/coins/bitcoin/market_chart?vs_currency=usd&days=max&interval=daily,raw/coingecko/PriceUSD__btc__20260922T032139218205Z__000001.json.gz,401,2026-09-22T03:21:39.218748+00:00,HTTP Error 401: Unauthorized
coingecko,PriceUSD,btc,https://api.coingecko.com/api/v3/coins/bitcoin/market_chart?vs_currency=usd&days=max&interval=daily,raw/coingecko/PriceUSD__btc__20260922T032139218205Z__000002.json.gz,401,2026-09-22T03:22:04.479687+00:00,HTTP Error 401: Unauthorized
coingecko,PriceUSD,btc,https://api.coingecko.com/api/v3/coins/bitcoin/market_chart?vs_currency=usd&days=max&interval=daily,raw/coingecko/PriceUSD__btc__20260922T032139218205Z__000003.json.gz,401,2026-09-22T03:22:29.953329+00:00,HTTP Error 401: Unauthorized
coingecko,global,,https://api.coingecko.com/api/v3/global,raw/coingecko/global__na__20260922T032139218205Z__000004.json.gz,200,2026-09-22T03:22:55.413204+00:00,
farside,etf_flow_musd,btc,https://farside.co.uk/bitcoin-etf-flow-all-data/,raw/farside/etf_flow_musd__btc__20260922T032446738638Z__000001.html.gz,200,2026-09-22T03:24:46.739298+00:00,
farside,etf_flow_musd,btc,https://farside.co.uk/btc/,raw/farside/etf_flow_musd__btc__20260922T032446738638Z__000002.html.gz,200,2026-09-22T03:24:47.864476+00:00,
farside,etf_flow_musd,eth,https://farside.co.uk/eth/,raw/farside/etf_flow_musd__eth__20260922T032446738638Z__000003.html.gz,200,2026-09-22T03:24:48.720235+00:00,
farside,etf_flow_musd,btc,https://farside.co.uk/bitcoin-etf-flow-all-data/,raw/farside/etf_flow_musd__btc__20260922T032558380262Z__000001.html.gz,200,2026-09-22T03:25:58.380817+00:00,
farside,etf_flow_musd,btc,https://farside.co.uk/btc/,raw/farside/etf_flow_musd__btc__20260922T032558380262Z__000002.html.gz,200,2026-09-22T03:25:59.501003+00:00,
farside,etf_flow_musd,eth,https://farside.co.uk/eth/,raw/farside/etf_flow_musd__eth__20260922T032558380262Z__000003.html.gz,200,2026-09-22T03:26:00.340179+00:00,
farside,etf_flow_musd,btc,https://farside.co.uk/bitcoin-etf-flow-all-data/,raw/farside/etf_flow_musd__btc__20260922T032627620791Z__000001.html.gz,200,2026-09-22T03:26:27.621415+00:00,
farside,etf_flow_musd,btc,https://farside.co.uk/btc/,raw/farside/etf_flow_musd__btc__20260922T032627620791Z__000002.html.gz,200,2026-09-22T03:26:28.854040+00:00,
farside,etf_flow_musd,eth,https://farside.co.uk/eth/,raw/farside/etf_flow_musd__eth__20260922T032627620791Z__000003.html.gz,200,2026-09-22T03:26:29.667572+00:00,
farside,etf_flow_musd,eth,https://farside.co.uk/ethereum-etf-flow-all-data/,raw/farside/etf_flow_musd__eth__20260922T032720767269Z__000001.html.gz,200,2026-09-22T03:27:20.767742+00:00,
