date,score
2017-08-17,
2017-08-18,
2017-08-19,
2017-08-20,
2017-08-21,
2017-08-22,
2017-08-23,
2017-08-24,
2017-08-25,
2017-08-26,
2017-08-27,
2017-08-28,
2017-08-29,
2017-08-30,
2017-08-31,
2017-09-01,
2017-09-02,
2017-09-03,
2017-09-04,
2017-09-05,
2017-09-06,
2017-09-07,
2017-09-08,
2017-09-09,
2017-09-10,
2017-09-11,
2017-09-12,
2017-09-13,
2017-09-14,
2017-09-15,
2017-09-16,
2017-09-17,
2017-09-18,
2017-09-19,
2017-09-20,
2017-09-21,
2017-09-22,
2017-09-23,
2017-09-24,
2017-09-25,
2017-09-26,
2017-09-27,
2017-09-28,
2017-09-29,
2017-09-30,
2017-10-01,
2017-10-02,
2017-10-03,
2017-10-04,
2017-10-05,
2017-10-06,
2017-10-07,
2017-10-08,
2017-10-09,
2017-10-10,
2017-10-11,
2017-10-12,
2017-10-13,
2017-10-14,
2017-10-15,
2017-10-16,
2017-10-17,
2017-10-18,
2017-10-19,
2017-10-20,
2017-10-21,
2017-10-22,
2017-10-23,
2017-10-24,
2017-10-25,
2017-10-26,
2017-10-27,
2017-10-28,
2017-10-29,
2017-10-30,
2017-10-31,
2017-11-01,
2017-11-02,
2017-11-03,
2017-11-04,
2017-11-05,
2017-11-06,
2017-11-07,
2017-11-08,
2017-11-09,
2017-11-10,
2017-11-11,
2017-11-12,
2017-11-13,
2017-11-14,
2017-11-15,
2017-11-16,
2017-11-17,
2017-11-18,
2017-11-19,
2017-11-20,
2017-11-21,
2017-11-22,
2017-11-23,
2017-11-24,
2017-11-25,
2017-11-26,
2017-11-27,
2017-11-28,
2017-11-29,
2017-11-30,
2017-12-01,
2017-12-02,
2017-12-03,
2017-12-04,
2017-12-05,
2017-12-06,
2017-12-07,
2017-12-08,
2017-12-09,
2017-12-10,
2017-12-11,
2017-12-12,
2017-12-13,
2017-12-14,
2017-12-15,
2017-12-16,
2017-12-17,
2017-12-18,
2017-12-19,
2017-12-20,
2017-12-21,
2017-12-22,
2017-12-23,
2017-12-24,
2017-12-25,
2017-12-26,
2017-12-27,
2017-12-28,
2017-12-29,
2017-12-30,
2017-12-31,
2018-01-01,
2018-01-02,
2018-01-03,
2018-01-04,
2018-01-05,
2018-01-06,
2018-01-07,
2018-01-08,
2018-01-09,
2018-01-10,
2018-01-11,
2018-01-12,
2018-01-13,
2018-01-14,
2018-01-15,
2018-01-16,
2018-01-17,
2018-01-18,
2018-01-19,
2018-01-20,
2018-01-21,
2018-01-22,
2018-01-23,
2018-01-24,
2018-01-25,
2018-01-26,
2018-01-27,
2018-01-28,
2018-01-29,
2018-01-30,
2018-01-31,
2018-02-01,
2018-02-02,
2018-02-03,
2018-02-04,
2018-02-05,
2018-02-06,
2018-02-07,
2018-02-08,
2018-02-09,
2018-02-10,
2018-02-11,
2018-02-12,
2018-02-13,
2018-02-14,
2018-02-15,
2018-02-16,
2018-02-17,
2018-02-18,
2018-02-19,
2018-02-20,
2018-02-21,
2018-02-22,
2018-02-23,
2018-02-24,
2018-02-25,
2018-02-26,
2018-02-27,
2018-02-28,
2018-03-01,
2018-03-02,
2018-03-03,
2018-03-04,
2018-03-05,
2018-03-06,
2018-03-07,
2018-03-08,
2018-03-09,
2018-03-10,
2018-03-11,
2018-03-12,
2018-03-13,
2018-03-14,
2018-03-15,
2018-03-16,
2018-03-17,
2018-03-18,
2018-03-19,
2018-03-20,
2018-03-21,
2018-03-22,
2018-03-23,
2018-03-24,
2018-03-25,
2018-03-26,
2018-03-27,
2018-03-28,
2018-03-29,
2018-03-30,
2018-03-31,
2018-04-01,
2018-04-02,
2018-04-03,
2018-04-04,
2018-04-05,
2018-04-06,
2018-04-07,
2018-04-08,
2018-04-09,
2018-04-10,
2018-04-11,
2018-04-12,
2018-04-13,
2018-04-14,
2018-04-15,
2018-04-16,
2018-04-17,
2018-04-18,
2018-04-19,
2018-04-20,
2018-04-21,
2018-04-22,
2018-04-23,
2018-04-24,
2018-04-25,
2018-04-26,
2018-04-27,
2018-04-28,
2018-04-29,
2018-04-30,
2018-05-01,
2018-05-02,
2018-05-03,
2018-05-04,
2018-05-05,
2018-05-06,
2018-05-07,
2018-05-08,
2018-05-09,
2018-05-10,
2018-05-11,
2018-05-12,
2018-05-13,
2018-05-14,
2018-05-15,
2018-05-16,
2018-05-17,
2018-05-18,
2018-05-19,
2018-05-20,
2018-05-21,
2018-05-22,
2018-05-23,
2018-05-24,
2018-05-25,
2018-05-26,
2018-05-27,
2018-05-28,
2018-05-29,
2018-05-30,
2018-05-31,
2018-06-01,
2018-06-02,
2018-06-03,
2018-06-04,
2018-06-05,
2018-06-06,
2018-06-07,
2018-06-08,
2018-06-09,
2018-06-10,
2018-06-11,
2018-06-12,
2018-06-13,
2018-06-14,
2018-06-15,
2018-06-16,
2018-06-17,
2018-06-18,
2018-06-19,
2018-06-20,
2018-06-21,
2018-06-22,
2018-06-23,
2018-06-24,
2018-06-25,
2018-06-26,
2018-06-27,
2018-06-28,
2018-06-29,
2018-06-30,
2018-07-01,
2018-07-02,
2018-07-03,
2018-07-04,
2018-07-05,
2018-07-06,
2018-07-07,
2018-07-08,
2018-07-09,
2018-07-10,
2018-07-11,
2018-07-12,
2018-07-13,
2018-07-14,
2018-07-15,
2018-07-16,
2018-07-17,
2018-07-18,
2018-07-19,
2018-07-20,
2018-07-21,
2018-07-22,
2018-07-23,
2018-07-24,
2018-07-25,
2018-07-26,
2018-07-27,
2018-07-28,
2018-07-29,
2018-07-30,
2018-07-31,
2018-08-01,
2018-08-02,
2018-08-03,
2018-08-04,
2018-08-05,
2018-08-06,
2018-08-07,
2018-08-08,
2018-08-09,
2018-08-10,
2018-08-11,
2018-08-12,
2018-08-13,
2018-08-14,
2018-08-15,
2018-08-16,
2018-08-17,
2018-08-18,
2018-08-19,60.273972602739725
2018-08-20,49.58904109589041
2018-08-21,47.67123287671233
2018-08-22,41.36986301369863
2018-08-23,48.76712328767123
2018-08-24,53.15068493150685
2018-08-25,54.24657534246575
2018-08-26,64.38356164383562
2018-08-27,70.95890410958904
2018-08-28,58.63013698630137
2018-08-29,36.16438356164384
2018-08-30,20.273972602739725
2018-08-31,35.06849315068493
2018-09-01,50.136986301369866
2018-09-02,60.821917808219176
2018-09-03,61.0958904109589
2018-09-04,47.945205479452056
2018-09-05,57.26027397260274
2018-09-06,63.56164383561644
2018-09-07,56.986301369863014
2018-09-08,60.54794520547945
2018-09-09,55.61643835616438
2018-09-10,61.0958904109589
2018-09-11,43.83561643835616
2018-09-12,56.16438356164384
2018-09-13,61.0958904109589
2018-09-14,57.80821917808219
2018-09-15,46.02739726027397
2018-09-16,41.0958904109589
2018-09-17,29.863013698630137
2018-09-18,40.821917808219176
2018-09-19,41.36986301369863
2018-09-20,50.95890410958904
2018-09-21,44.657534246575345
2018-09-22,41.917808219178085
2018-09-23,30.410958904109588
2018-09-24,30.684931506849313
2018-09-25,56.71232876712329
2018-09-26,54.52054794520548
2018-09-27,49.58904109589041
2018-09-28,51.23287671232877
2018-09-29,68.21917808219177
2018-09-30,76.43835616438356
2018-10-01,69.58904109589041
2018-10-02,65.75342465753425
2018-10-03,68.4931506849315
2018-10-04,66.57534246575342
2018-10-05,78.63013698630137
2018-10-06,77.8082191780822
2018-10-07,72.87671232876713
2018-10-08,58.35616438356164
2018-10-09,37.534246575342465
2018-10-10,70.95890410958904
2018-10-11,69.58904109589041
2018-10-12,72.87671232876713
2018-10-13,49.58904109589041
2018-10-14,44.657534246575345
2018-10-15,35.61643835616438
2018-10-16,34.794520547945204
2018-10-17,49.31506849315068
2018-10-18,49.58904109589041
2018-10-19,60.273972602739725
2018-10-20,44.10958904109589
2018-10-21,56.43835616438356
2018-10-22,61.64383561643836
2018-10-23,63.013698630136986
2018-10-24,67.67123287671232
2018-10-25,69.31506849315069
2018-10-26,60.821917808219176
2018-10-27,53.15068493150685
2018-10-28,41.917808219178085
2018-10-29,43.56164383561644
2018-10-30,36.16438356164384
2018-10-31,42.73972602739726
2018-11-01,53.97260273972603
2018-11-02,58.35616438356164
2018-11-03,45.205479452054796
2018-11-04,41.0958904109589
2018-11-05,45.47945205479452
2018-11-06,59.178082191780824
2018-11-07,61.64383561643836
2018-11-08,61.64383561643836
2018-11-09,79.17808219178082
2018-11-10,73.6986301369863
2018-11-11,73.42465753424658
2018-11-12,73.15068493150685
2018-11-13,73.42465753424658
2018-11-14,82.1917808219178
2018-11-15,58.35616438356164
2018-11-16,73.97260273972603
2018-11-17,42.73972602739726
2018-11-18,66.84931506849315
2018-11-19,44.38356164383562
2018-11-20,32.054794520547944
2018-11-21,59.726027397260275
2018-11-22,25.205479452054796
2018-11-23,19.45205479452055
2018-11-24,4.383561643835616
2018-11-25,7.671232876712328
2018-11-26,16.164383561643834
2018-11-27,78.9041095890411
2018-11-28,87.12328767123287
2018-11-29,80.54794520547945
2018-11-30,82.73972602739725
2018-12-01,74.52054794520548
2018-12-02,83.01369863013699
2018-12-03,59.726027397260275
2018-12-04,42.19178082191781
2018-12-05,28.21917808219178
2018-12-06,17.26027397260274
2018-12-07,18.904109589041095
2018-12-08,37.80821917808219
2018-12-09,69.58904109589041
2018-12-10,82.46575342465754
2018-12-11,46.57534246575342
2018-12-12,39.45205479452055
2018-12-13,40.821917808219176
2018-12-14,68.4931506849315
2018-12-15,84.10958904109589
2018-12-16,81.36986301369863
2018-12-17,81.91780821917808
2018-12-18,65.47945205479452
2018-12-19,44.10958904109589
2018-12-20,52.32876712328767
2018-12-21,38.35616438356164
2018-12-22,46.57534246575342
2018-12-23,44.38356164383562
2018-12-24,45.205479452054796
2018-12-25,47.67123287671233
2018-12-26,40.273972602739725
2018-12-27,40.273972602739725
2018-12-28,59.45205479452055
2018-12-29,82.1917808219178
2018-12-30,55.06849315068493
2018-12-31,30.684931506849313
2019-01-01,25.47945205479452
2019-01-02,86.84931506849315
2019-01-03,90.95890410958904
2019-01-04,92.32876712328768
2019-01-05,93.97260273972603
2019-01-06,94.52054794520548
2019-01-07,91.5068493150685
2019-01-08,52.602739726027394
2019-01-09,63.56164383561644
2019-01-10,49.863013698630134
2019-01-11,79.72602739726027
2019-01-12,82.46575342465754
2019-01-13,80.54794520547945
2019-01-14,57.26027397260274
2019-01-15,68.76712328767124
2019-01-16,94.79452054794521
2019-01-17,96.71232876712328
2019-01-18,85.47945205479452
2019-01-19,73.6986301369863
2019-01-20,51.78082191780822
2019-01-21,63.013698630136986
2019-01-22,53.42465753424658
2019-01-23,61.0958904109589
2019-01-24,46.3013698630137
2019-01-25,60.273972602739725
2019-01-26,59.178082191780824
2019-01-27,56.16438356164384
2019-01-28,42.73972602739726
2019-01-29,87.67123287671232
2019-01-30,95.34246575342466
2019-01-31,88.4931506849315
2019-02-01,61.64383561643836
2019-02-02,92.87671232876713
2019-02-03,95.61643835616438
2019-02-04,81.91780821917808
2019-02-05,24.931506849315067
2019-02-06,39.45205479452055
2019-02-07,46.02739726027397
2019-02-08,64.10958904109589
2019-02-09,48.49315068493151
2019-02-10,39.726027397260275
2019-02-11,59.726027397260275
2019-02-12,69.86301369863014
2019-02-13,86.57534246575342
2019-02-14,83.56164383561644
2019-02-15,73.42465753424658
2019-02-16,76.71232876712328
2019-02-17,68.4931506849315
2019-02-18,42.465753424657535
2019-02-19,26.027397260273972
2019-02-20,41.36986301369863
2019-02-21,42.465753424657535
2019-02-22,63.28767123287671
2019-02-23,25.205479452054796
2019-02-24,68.76712328767124
2019-02-25,35.89041095890411
2019-02-26,87.94520547945206
2019-02-27,76.16438356164383
2019-02-28,89.58904109589041
2019-03-01,57.26027397260274
2019-03-02,39.178082191780824
2019-03-03,21.36986301369863
2019-03-04,36.71232876712329
2019-03-05,47.67123287671233
2019-03-06,70.41095890410959
2019-03-07,56.16438356164384
2019-03-08,38.9041095890411
2019-03-09,41.917808219178085
2019-03-10,63.28767123287671
2019-03-11,76.43835616438356
2019-03-12,74.52054794520548
2019-03-13,71.78082191780823
2019-03-14,62.19178082191781
2019-03-15,72.6027397260274
2019-03-16,52.32876712328767
2019-03-17,71.23287671232876
2019-03-18,66.84931506849315
2019-03-19,83.56164383561644
2019-03-20,76.16438356164383
2019-03-21,58.9041095890411
2019-03-22,50.136986301369866
2019-03-23,53.6986301369863
2019-03-24,64.10958904109589
2019-03-25,26.84931506849315
2019-03-26,17.80821917808219
2019-03-27,23.561643835616437
2019-03-28,35.89041095890411
2019-03-29,52.32876712328767
2019-03-30,38.35616438356164
2019-03-31,38.35616438356164
2019-04-01,36.16438356164384
2019-04-02,58.082191780821915
2019-04-03,51.23287671232877
2019-04-04,36.16438356164384
2019-04-05,27.123287671232877
2019-04-06,86.3013698630137
2019-04-07,96.98630136986301
2019-04-08,92.87671232876713
2019-04-09,24.65753424657534
2019-04-10,5.47945205479452
2019-04-11,10.684931506849315
2019-04-12,33.6986301369863
2019-04-13,78.35616438356165
2019-04-14,80.27397260273973
2019-04-15,83.83561643835617
2019-04-16,74.24657534246575
2019-04-17,24.931506849315067
2019-04-18,16.986301369863014
2019-04-19,16.71232876712329
2019-04-20,54.24657534246575
2019-04-21,67.12328767123287
2019-04-22,68.76712328767124
2019-04-23,70.13698630136986
2019-04-24,64.10958904109589
2019-04-25,72.87671232876713
2019-04-26,86.02739726027397
2019-04-27,88.76712328767124
2019-04-28,44.657534246575345
2019-04-29,18.08219178082192
2019-04-30,17.80821917808219
2019-05-01,66.84931506849315
2019-05-02,90.68493150684931
2019-05-03,82.1917808219178
2019-05-04,90.13698630136986
2019-05-05,94.24657534246575
2019-05-06,96.98630136986301
2019-05-07,74.24657534246575
2019-05-08,77.8082191780822
2019-05-09,46.02739726027397
2019-05-10,65.75342465753425
2019-05-11,34.52054794520548
2019-05-12,77.8082191780822
2019-05-13,98.63013698630137
2019-05-14,100.0
2019-05-15,91.5068493150685
2019-05-16,35.06849315068493
2019-05-17,67.94520547945206
2019-05-18,90.41095890410959
2019-05-19,93.42465753424658
2019-05-20,23.835616438356166
2019-05-21,9.863013698630137
2019-05-22,14.246575342465754
2019-05-23,40.54794520547945
2019-05-24,64.65753424657534
2019-05-25,54.794520547945204
2019-05-26,42.465753424657535
2019-05-27,36.986301369863014
2019-05-28,27.945205479452056
2019-05-29,29.863013698630137
2019-05-30,33.15068493150685
2019-05-31,70.41095890410959
2019-06-01,80.82191780821918
2019-06-02,80.82191780821918
2019-06-03,72.32876712328768
2019-06-04,83.83561643835617
2019-06-05,87.67123287671232
2019-06-06,70.41095890410959
2019-06-07,36.43835616438356
2019-06-08,13.698630136986301
2019-06-09,20.54794520547945
2019-06-10,15.616438356164384
2019-06-11,18.08219178082192
2019-06-12,12.602739726027398
2019-06-13,37.80821917808219
2019-06-14,41.36986301369863
2019-06-15,52.87671232876713
2019-06-16,51.78082191780822
2019-06-17,50.95890410958904
2019-06-18,38.35616438356164
2019-06-19,31.506849315068493
2019-06-20,18.08219178082192
2019-06-21,67.67123287671232
2019-06-22,84.10958904109589
2019-06-23,94.24657534246575
2019-06-24,66.3013698630137
2019-06-25,61.64383561643836
2019-06-26,75.06849315068493
2019-06-27,81.91780821917808
2019-06-28,84.38356164383562
2019-06-29,84.93150684931507
2019-06-30,73.6986301369863
2019-07-01,59.45205479452055
2019-07-02,40.273972602739725
2019-07-03,62.73972602739726
2019-07-04,29.863013698630137
2019-07-05,50.136986301369866
2019-07-06,16.164383561643834
2019-07-07,63.013698630136986
2019-07-08,62.465753424657535
2019-07-09,78.08219178082192
2019-07-10,63.56164383561644
2019-07-11,40.821917808219176
2019-07-12,12.32876712328767
2019-07-13,4.383561643835616
2019-07-14,1.917808219178082
2019-07-15,8.219178082191782
2019-07-16,63.013698630136986
2019-07-17,73.97260273972603
2019-07-18,62.465753424657535
2019-07-19,34.52054794520548
2019-07-20,80.0
2019-07-21,47.945205479452056
2019-07-22,18.63013698630137
2019-07-23,1.917808219178082
2019-07-24,21.91780821917808
2019-07-25,40.0
2019-07-26,51.23287671232877
2019-07-27,14.246575342465754
2019-07-28,14.520547945205479
2019-07-29,26.301369863013697
2019-07-30,15.342465753424657
2019-07-31,21.095890410958905
2019-08-01,16.986301369863014
2019-08-02,47.945205479452056
2019-08-03,38.9041095890411
2019-08-04,13.972602739726028
2019-08-05,61.0958904109589
2019-08-06,49.863013698630134
2019-08-07,87.12328767123287
2019-08-08,21.643835616438356
2019-08-09,27.671232876712327
2019-08-10,41.917808219178085
2019-08-11,84.65753424657534
2019-08-12,95.61643835616438
2019-08-13,61.64383561643836
2019-08-14,34.52054794520548
2019-08-15,15.342465753424657
2019-08-16,35.89041095890411
2019-08-17,49.31506849315068
2019-08-18,41.64383561643836
2019-08-19,20.54794520547945
2019-08-20,3.835616438356164
2019-08-21,3.287671232876712
2019-08-22,4.931506849315069
2019-08-23,34.52054794520548
2019-08-24,44.10958904109589
2019-08-25,69.31506849315069
2019-08-26,39.726027397260275
2019-08-27,60.821917808219176
2019-08-28,63.28767123287671
2019-08-29,78.63013698630137
2019-08-30,72.87671232876713
2019-08-31,86.3013698630137
2019-09-01,68.21917808219177
2019-09-02,44.93150684931507
2019-09-03,57.26027397260274
2019-09-04,45.47945205479452
2019-09-05,60.273972602739725
2019-09-06,15.89041095890411
2019-09-07,32.32876712328767
2019-09-08,21.095890410958905
2019-09-09,41.0958904109589
2019-09-10,30.136986301369863
2019-09-11,55.342465753424655
2019-09-12,57.80821917808219
2019-09-13,59.726027397260275
2019-09-14,56.43835616438356
2019-09-15,39.45205479452055
2019-09-16,19.17808219178082
2019-09-17,2.191780821917808
2019-09-18,3.5616438356164384
2019-09-19,19.726027397260275
2019-09-20,60.273972602739725
2019-09-21,9.863013698630137
2019-09-22,16.71232876712329
2019-09-23,61.36986301369863
2019-09-24,72.32876712328768
2019-09-25,75.06849315068493
2019-09-26,56.16438356164384
2019-09-27,96.16438356164383
2019-09-28,80.27397260273973
2019-09-29,78.9041095890411
2019-09-30,80.0
2019-10-01,89.58904109589041
2019-10-02,95.61643835616438
2019-10-03,81.91780821917808
2019-10-04,88.4931506849315
2019-10-05,70.68493150684931
2019-10-06,87.94520547945206
2019-10-07,83.83561643835617
2019-10-08,81.0958904109589
2019-10-09,72.05479452054794
2019-10-10,77.26027397260275
2019-10-11,78.08219178082192
2019-10-12,86.57534246575342
2019-10-13,68.4931506849315
2019-10-14,24.10958904109589
2019-10-15,34.24657534246575
2019-10-16,19.726027397260275
2019-10-17,70.68493150684931
2019-10-18,34.52054794520548
2019-10-19,66.02739726027397
2019-10-20,53.97260273972603
2019-10-21,41.64383561643836
2019-10-22,13.972602739726028
2019-10-23,34.24657534246575
2019-10-24,30.410958904109588
2019-10-25,57.26027397260274
2019-10-26,66.02739726027397
2019-10-27,52.87671232876713
2019-10-28,71.5068493150685
2019-10-29,58.9041095890411
2019-10-30,94.79452054794521
2019-10-31,93.6986301369863
2019-11-01,91.78082191780823
2019-11-02,90.41095890410959
2019-11-03,57.80821917808219
2019-11-04,53.42465753424658
2019-11-05,44.93150684931507
2019-11-06,36.43835616438356
2019-11-07,24.931506849315067
2019-11-08,8.767123287671232
2019-11-09,7.123287671232877
2019-11-10,31.506849315068493
2019-11-11,52.054794520547944
2019-11-12,54.794520547945204
2019-11-13,37.80821917808219
2019-11-14,9.58904109589041
2019-11-15,6.301369863013699
2019-11-16,2.191780821917808
2019-11-17,7.671232876712328
2019-11-18,14.520547945205479
2019-11-19,39.726027397260275
2019-11-20,12.876712328767123
2019-11-21,43.28767123287671
2019-11-22,19.45205479452055
2019-11-23,85.20547945205479
2019-11-24,68.76712328767124
2019-11-25,94.52054794520548
2019-11-26,76.98630136986301
2019-11-27,57.26027397260274
2019-11-28,12.32876712328767
2019-11-29,23.013698630136986
2019-11-30,71.23287671232876
2019-12-01,49.58904109589041
2019-12-02,6.301369863013699
2019-12-03,3.0136986301369864
2019-12-04,32.87671232876713
2019-12-05,72.05479452054794
2019-12-06,48.49315068493151
2019-12-07,41.36986301369863
2019-12-08,8.767123287671232
2019-12-09,6.575342465753424
2019-12-10,16.71232876712329
2019-12-11,9.58904109589041
2019-12-12,10.684931506849315
2019-12-13,0.273972602739726
2019-12-14,9.58904109589041
2019-12-15,6.301369863013699
2019-12-16,11.506849315068493
2019-12-17,13.424657534246576
2019-12-18,26.027397260273972
2019-12-19,53.15068493150685
2019-12-20,10.136986301369863
2019-12-21,3.835616438356164
2019-12-22,12.602739726027398
2019-12-23,9.58904109589041
2019-12-24,44.657534246575345
2019-12-25,12.602739726027398
2019-12-26,65.75342465753425
2019-12-27,46.57534246575342
2019-12-28,90.95890410958904
2019-12-29,64.65753424657534
2019-12-30,54.24657534246575
2019-12-31,12.602739726027398
2020-01-01,3.5616438356164384
2020-01-02,1.643835616438356
2020-01-03,1.095890410958904
2020-01-04,10.95890410958904
2020-01-05,28.493150684931507
2020-01-06,61.0958904109589
2020-01-07,38.9041095890411
2020-01-08,48.49315068493151
2020-01-09,75.34246575342466
2020-01-10,68.76712328767124
2020-01-11,79.17808219178082
2020-01-12,46.3013698630137
2020-01-13,53.42465753424658
2020-01-14,46.3013698630137
2020-01-15,44.93150684931507
2020-01-16,68.21917808219177
2020-01-17,82.73972602739725
2020-01-18,86.84931506849315
2020-01-19,75.61643835616438
2020-01-20,61.0958904109589
2020-01-21,76.71232876712328
2020-01-22,87.3972602739726
2020-01-23,94.52054794520548
2020-01-24,96.43835616438356
2020-01-25,78.63013698630137
2020-01-26,68.4931506849315
2020-01-27,49.04109589041096
2020-01-28,40.54794520547945
2020-01-29,20.273972602739725
2020-01-30,23.561643835616437
2020-01-31,75.89041095890411
2020-02-01,87.12328767123287
2020-02-02,53.42465753424658
2020-02-03,6.301369863013699
2020-02-04,10.136986301369863
2020-02-05,14.246575342465754
2020-02-06,73.42465753424658
2020-02-07,70.68493150684931
2020-02-08,93.6986301369863
2020-02-09,46.84931506849315
2020-02-10,36.986301369863014
2020-02-11,27.671232876712327
2020-02-12,54.794520547945204
2020-02-13,79.17808219178082
2020-02-14,93.15068493150685
2020-02-15,99.45205479452055
2020-02-16,99.45205479452055
2020-02-17,98.35616438356165
2020-02-18,86.3013698630137
2020-02-19,76.98630136986301
2020-02-20,52.87671232876713
2020-02-21,40.273972602739725
2020-02-22,24.931506849315067
2020-02-23,34.24657534246575
2020-02-24,63.83561643835616
2020-02-25,61.64383561643836
2020-02-26,57.534246575342465
2020-02-27,16.438356164383563
2020-02-28,36.71232876712329
2020-02-29,30.136986301369863
2020-03-01,20.54794520547945
2020-03-02,3.5616438356164384
2020-03-03,12.876712328767123
2020-03-04,70.41095890410959
2020-03-05,89.58904109589041
2020-03-06,93.6986301369863
2020-03-07,93.42465753424658
2020-03-08,94.79452054794521
2020-03-09,78.35616438356165
2020-03-10,85.75342465753425
2020-03-11,83.83561643835617
2020-03-12,100.0
2020-03-13,100.0
2020-03-14,99.72602739726027
2020-03-15,97.26027397260275
2020-03-16,47.397260273972606
2020-03-17,97.53424657534246
2020-03-18,99.17808219178082
2020-03-19,98.9041095890411
2020-03-20,84.10958904109589
2020-03-21,94.79452054794521
2020-03-22,95.34246575342466
2020-03-23,96.43835616438356
2020-03-24,40.821917808219176
2020-03-25,9.315068493150685
2020-03-26,10.136986301369863
2020-03-27,6.027397260273973
2020-03-28,5.7534246575342465
2020-03-29,46.02739726027397
2020-03-30,58.35616438356164
2020-03-31,81.91780821917808
2020-04-01,96.71232876712328
2020-04-02,98.08219178082192
2020-04-03,96.16438356164383
2020-04-04,22.465753424657535
2020-04-05,24.10958904109589
2020-04-06,2.4657534246575343
2020-04-07,3.5616438356164384
2020-04-08,2.73972602739726
2020-04-09,32.87671232876713
2020-04-10,21.643835616438356
2020-04-11,39.726027397260275
2020-04-12,41.64383561643836
2020-04-13,52.054794520547944
2020-04-14,13.150684931506849
2020-04-15,35.61643835616438
2020-04-16,55.342465753424655
2020-04-17,97.8082191780822
2020-04-18,93.42465753424658
2020-04-19,96.71232876712328
2020-04-20,39.726027397260275
2020-04-21,35.61643835616438
2020-04-22,15.342465753424657
2020-04-23,45.205479452054796
2020-04-24,87.12328767123287
2020-04-25,89.86301369863014
2020-04-26,90.68493150684931
2020-04-27,72.87671232876713
2020-04-28,17.26027397260274
2020-04-29,11.506849315068493
2020-04-30,2.191780821917808
2020-05-01,26.575342465753426
2020-05-02,21.36986301369863
2020-05-03,12.054794520547945
2020-05-04,23.835616438356166
2020-05-05,4.931506849315069
2020-05-06,23.28767123287671
2020-05-07,35.89041095890411
2020-05-08,86.3013698630137
2020-05-09,50.68493150684932
2020-05-10,29.315068493150687
2020-05-11,7.123287671232877
2020-05-12,19.45205479452055
2020-05-13,46.3013698630137
2020-05-14,49.863013698630134
2020-05-15,84.38356164383562
2020-05-16,44.93150684931507
2020-05-17,76.71232876712328
2020-05-18,78.08219178082192
2020-05-19,83.83561643835617
2020-05-20,23.013698630136986
2020-05-21,5.7534246575342465
2020-05-22,6.575342465753424
2020-05-23,18.904109589041095
2020-05-24,10.684931506849315
2020-05-25,9.315068493150685
2020-05-26,24.931506849315067
2020-05-27,31.232876712328768
2020-05-28,56.986301369863014
2020-05-29,53.97260273972603
2020-05-30,41.36986301369863
2020-05-31,33.42465753424658
2020-06-01,40.273972602739725
2020-06-02,47.397260273972606
2020-06-03,40.821917808219176
2020-06-04,12.32876712328767
2020-06-05,6.027397260273973
2020-06-06,10.41095890410959
2020-06-07,23.835616438356166
2020-06-08,40.821917808219176
2020-06-09,43.56164383561644
2020-06-10,41.0958904109589
2020-06-11,63.56164383561644
2020-06-12,57.80821917808219
2020-06-13,64.38356164383562
2020-06-14,30.410958904109588
2020-06-15,17.80821917808219
2020-06-16,5.7534246575342465
2020-06-17,7.945205479452055
2020-06-18,18.08219178082192
2020-06-19,23.561643835616437
2020-06-20,35.89041095890411
2020-06-21,43.56164383561644
2020-06-22,78.63013698630137
2020-06-23,79.72602739726027
2020-06-24,70.68493150684931
2020-06-25,57.26027397260274
2020-06-26,43.83561643835616
2020-06-27,19.17808219178082
2020-06-28,2.4657534246575343
2020-06-29,1.917808219178082
2020-06-30,19.17808219178082
2020-07-01,62.19178082191781
2020-07-02,73.6986301369863
2020-07-03,65.20547945205479
2020-07-04,36.986301369863014
2020-07-05,34.794520547945204
2020-07-06,15.89041095890411
2020-07-07,7.945205479452055
2020-07-08,9.315068493150685
2020-07-09,30.958904109589042
2020-07-10,71.5068493150685
2020-07-11,66.57534246575342
2020-07-12,47.945205479452056
2020-07-13,33.42465753424658
2020-07-14,66.84931506849315
2020-07-15,76.16438356164383
2020-07-16,51.78082191780822
2020-07-17,22.73972602739726
2020-07-18,18.08219178082192
2020-07-19,30.958904109589042
2020-07-20,34.24657534246575
2020-07-21,52.32876712328767
2020-07-22,35.06849315068493
2020-07-23,26.301369863013697
2020-07-24,27.397260273972602
2020-07-25,40.273972602739725
2020-07-26,42.465753424657535
2020-07-27,37.80821917808219
2020-07-28,21.095890410958905
2020-07-29,31.232876712328768
2020-07-30,34.52054794520548
2020-07-31,34.52054794520548
2020-08-01,17.534246575342465
2020-08-02,3.835616438356164
2020-08-03,6.027397260273973
2020-08-04,36.43835616438356
2020-08-05,52.87671232876713
2020-08-06,72.87671232876713
2020-08-07,75.61643835616438
2020-08-08,66.3013698630137
2020-08-09,70.41095890410959
2020-08-10,67.12328767123287
2020-08-11,58.63013698630137
2020-08-12,46.84931506849315
2020-08-13,40.0
2020-08-14,52.87671232876713
2020-08-15,69.31506849315069
2020-08-16,75.61643835616438
2020-08-17,87.67123287671232
2020-08-18,49.863013698630134
2020-08-19,37.26027397260274
2020-08-20,35.89041095890411
2020-08-21,53.97260273972603
2020-08-22,65.20547945205479
2020-08-23,66.84931506849315
2020-08-24,49.863013698630134
2020-08-25,21.36986301369863
2020-08-26,2.4657534246575343
2020-08-27,12.32876712328767
2020-08-28,19.45205479452055
2020-08-29,44.657534246575345
2020-08-30,68.21917808219177
2020-08-31,72.32876712328768
2020-09-01,64.38356164383562
2020-09-02,33.15068493150685
2020-09-03,77.8082191780822
2020-09-04,99.72602739726027
2020-09-05,99.72602739726027
2020-09-06,98.63013698630137
2020-09-07,30.136986301369863
2020-09-08,31.78082191780822
2020-09-09,13.424657534246576
2020-09-10,22.19178082191781
2020-09-11,21.36986301369863
2020-09-12,59.178082191780824
2020-09-13,64.10958904109589
2020-09-14,75.61643835616438
2020-09-15,64.10958904109589
2020-09-16,80.82191780821918
2020-09-17,77.8082191780822
2020-09-18,88.4931506849315
2020-09-19,78.9041095890411
2020-09-20,61.0958904109589
2020-09-21,59.726027397260275
2020-09-22,40.0
2020-09-23,55.06849315068493
2020-09-24,24.10958904109589
2020-09-25,36.16438356164384
2020-09-26,33.42465753424658
2020-09-27,38.35616438356164
2020-09-28,56.986301369863014
2020-09-29,68.76712328767124
2020-09-30,80.0
2020-10-01,43.56164383561644
2020-10-02,12.054794520547945
2020-10-03,5.7534246575342465
2020-10-04,23.013698630136986
2020-10-05,40.821917808219176
2020-10-06,35.06849315068493
2020-10-07,34.24657534246575
2020-10-08,61.36986301369863
2020-10-09,85.20547945205479
2020-10-10,80.82191780821918
2020-10-11,58.63013698630137
2020-10-12,38.63013698630137
2020-10-13,46.02739726027397
2020-10-14,38.082191780821915
2020-10-15,33.42465753424658
2020-10-16,57.80821917808219
2020-10-17,69.58904109589041
2020-10-18,55.89041095890411
2020-10-19,20.82191780821918
2020-10-20,21.91780821917808
2020-10-21,56.71232876712329
2020-10-22,77.8082191780822
2020-10-23,57.26027397260274
2020-10-24,51.50684931506849
2020-10-25,58.35616438356164
2020-10-26,76.43835616438356
2020-10-27,98.63013698630137
2020-10-28,98.63013698630137
2020-10-29,97.8082191780822
2020-10-30,64.10958904109589
2020-10-31,17.26027397260274
2020-11-01,65.75342465753425
2020-11-02,37.26027397260274
2020-11-03,53.97260273972603
2020-11-04,29.041095890410958
2020-11-05,38.35616438356164
2020-11-06,60.0
2020-11-07,43.28767123287671
2020-11-08,21.36986301369863
2020-11-09,41.0958904109589
2020-11-10,57.534246575342465
2020-11-11,67.3972602739726
2020-11-12,67.12328767123287
2020-11-13,73.42465753424658
2020-11-14,68.4931506849315
2020-11-15,23.28767123287671
2020-11-16,17.534246575342465
2020-11-17,25.753424657534246
2020-11-18,38.082191780821915
2020-11-19,26.301369863013697
2020-11-20,8.493150684931507
2020-11-21,7.397260273972603
2020-11-22,17.534246575342465
2020-11-23,44.657534246575345
2020-11-24,75.89041095890411
2020-11-25,50.136986301369866
2020-11-26,69.58904109589041
2020-11-27,43.28767123287671
2020-11-28,61.917808219178085
2020-11-29,61.0958904109589
2020-11-30,84.65753424657534
2020-12-01,92.87671232876713
2020-12-02,85.75342465753425
2020-12-03,65.47945205479452
2020-12-04,10.136986301369863
2020-12-05,9.04109589041096
2020-12-06,3.835616438356164
2020-12-07,35.342465753424655
2020-12-08,41.36986301369863
2020-12-09,29.041095890410958
2020-12-10,28.21917808219178
2020-12-11,31.78082191780822
2020-12-12,66.3013698630137
2020-12-13,69.04109589041096
2020-12-14,60.0
2020-12-15,66.84931506849315
2020-12-16,47.12328767123287
2020-12-17,72.87671232876713
2020-12-18,55.06849315068493
2020-12-19,77.53424657534246
2020-12-20,65.20547945205479
2020-12-21,58.63013698630137
2020-12-22,25.753424657534246
2020-12-23,2.191780821917808
2020-12-24,1.095890410958904
2020-12-25,4.657534246575342
2020-12-26,40.273972602739725
2020-12-27,53.42465753424658
2020-12-28,58.082191780821915
2020-12-29,37.80821917808219
2020-12-30,63.28767123287671
2020-12-31,55.342465753424655
2021-01-01,75.06849315068493
2021-01-02,63.83561643835616
2021-01-03,46.3013698630137
2021-01-04,49.58904109589041
2021-01-05,26.027397260273972
2021-01-06,60.273972602739725
2021-01-07,35.06849315068493
2021-01-08,43.28767123287671
2021-01-09,52.602739726027394
2021-01-10,55.89041095890411
2021-01-11,54.52054794520548
2021-01-12,39.726027397260275
2021-01-13,42.465753424657535
2021-01-14,35.342465753424655
2021-01-15,27.671232876712327
2021-01-16,36.43835616438356
2021-01-17,49.58904109589041
2021-01-18,60.0
2021-01-19,51.23287671232877
2021-01-20,58.35616438356164
2021-01-21,87.12328767123287
2021-01-22,85.75342465753425
2021-01-23,77.53424657534246
2021-01-24,24.10958904109589
2021-01-25,33.6986301369863
2021-01-26,50.95890410958904
2021-01-27,25.205479452054796
2021-01-28,29.041095890410958
2021-01-29,37.534246575342465
2021-01-30,54.52054794520548
2021-01-31,44.38356164383562
2021-02-01,27.123287671232877
2021-02-02,24.931506849315067
2021-02-03,16.986301369863014
2021-02-04,4.931506849315069
2021-02-05,5.7534246575342465
2021-02-06,3.835616438356164
2021-02-07,27.945205479452056
2021-02-08,70.13698630136986
2021-02-09,87.12328767123287
2021-02-10,77.8082191780822
2021-02-11,63.83561643835616
2021-02-12,66.02739726027397
2021-02-13,75.06849315068493
2021-02-14,76.71232876712328
2021-02-15,57.80821917808219
2021-02-16,47.12328767123287
2021-02-17,24.931506849315067
2021-02-18,52.054794520547944
2021-02-19,56.16438356164384
2021-02-20,49.31506849315068
2021-02-21,24.931506849315067
2021-02-22,10.136986301369863
2021-02-23,24.383561643835616
2021-02-24,15.068493150684931
2021-02-25,14.246575342465754
2021-02-26,14.246575342465754
2021-02-27,86.84931506849315
2021-02-28,91.78082191780823
2021-03-01,91.5068493150685
2021-03-02,38.63013698630137
2021-03-03,29.589041095890412
2021-03-04,27.671232876712327
2021-03-05,63.013698630136986
2021-03-06,81.91780821917808
2021-03-07,83.83561643835617
2021-03-08,47.945205479452056
2021-03-09,31.232876712328768
2021-03-10,55.06849315068493
2021-03-11,89.04109589041096
2021-03-12,75.89041095890411
2021-03-13,52.87671232876713
2021-03-14,2.73972602739726
2021-03-15,15.342465753424657
2021-03-16,20.54794520547945
2021-03-17,72.05479452054794
2021-03-18,78.35616438356165
2021-03-19,34.794520547945204
2021-03-20,9.04109589041096
2021-03-21,3.5616438356164384
2021-03-22,47.12328767123287
2021-03-23,51.50684931506849
2021-03-24,57.26027397260274
2021-03-25,21.643835616438356
2021-03-26,25.47945205479452
2021-03-27,53.42465753424658
2021-03-28,42.465753424657535
2021-03-29,62.19178082191781
2021-03-30,69.31506849315069
2021-03-31,87.94520547945206
2021-04-01,81.64383561643835
2021-04-02,38.9041095890411
2021-04-03,51.50684931506849
2021-04-04,56.71232876712329
2021-04-05,73.42465753424658
2021-04-06,47.945205479452056
2021-04-07,67.12328767123287
2021-04-08,55.89041095890411
2021-04-09,38.35616438356164
2021-04-10,26.575342465753426
2021-04-11,45.205479452054796
2021-04-12,68.76712328767124
2021-04-13,75.89041095890411
2021-04-14,60.0
2021-04-15,43.56164383561644
2021-04-16,19.726027397260275
2021-04-17,53.15068493150685
2021-04-18,54.52054794520548
2021-04-19,65.75342465753425
2021-04-20,36.986301369863014
2021-04-21,37.26027397260274
2021-04-22,54.24657534246575
2021-04-23,70.68493150684931
2021-04-24,42.73972602739726
2021-04-25,18.904109589041095
2021-04-26,6.027397260273973
2021-04-27,8.493150684931507
2021-04-28,9.04109589041096
2021-04-29,11.780821917808218
2021-04-30,46.3013698630137
2021-05-01,61.36986301369863
2021-05-02,75.61643835616438
2021-05-03,45.75342465753425
2021-05-04,43.56164383561644
2021-05-05,46.57534246575342
2021-05-06,48.76712328767123
2021-05-07,41.917808219178085
2021-05-08,16.164383561643834
2021-05-09,25.205479452054796
2021-05-10,16.71232876712329
2021-05-11,27.671232876712327
2021-05-12,98.08219178082192
2021-05-13,98.35616438356165
2021-05-14,98.35616438356165
2021-05-15,96.98630136986301
2021-05-16,97.26027397260275
2021-05-17,94.52054794520548
2021-05-18,14.520547945205479
2021-05-19,0.0
2021-05-20,0.0
2021-05-21,1.095890410958904
2021-05-22,8.219178082191782
2021-05-23,91.23287671232876
2021-05-24,97.53424657534246
2021-05-25,95.89041095890411
2021-05-26,24.65753424657534
2021-05-27,46.57534246575342
2021-05-28,78.35616438356165
2021-05-29,88.21917808219177
2021-05-30,12.602739726027398
2021-05-31,0.547945205479452
2021-06-01,0.273972602739726
2021-06-02,0.273972602739726
2021-06-03,55.89041095890411
2021-06-04,22.73972602739726
2021-06-05,50.68493150684932
2021-06-06,10.136986301369863
2021-06-07,31.78082191780822
2021-06-08,12.054794520547945
2021-06-09,23.835616438356166
2021-06-10,19.45205479452055
2021-06-11,26.301369863013697
2021-06-12,44.10958904109589
2021-06-13,66.3013698630137
2021-06-14,76.71232876712328
2021-06-15,44.93150684931507
2021-06-16,36.43835616438356
2021-06-17,24.10958904109589
2021-06-18,39.45205479452055
2021-06-19,14.520547945205479
2021-06-20,12.876712328767123
2021-06-21,2.73972602739726
2021-06-22,6.575342465753424
2021-06-23,51.23287671232877
2021-06-24,90.95890410958904
2021-06-25,92.32876712328768
2021-06-26,59.45205479452055
2021-06-27,65.47945205479452
2021-06-28,78.9041095890411
2021-06-29,64.65753424657534
2021-06-30,83.56164383561644
2021-07-01,8.493150684931507
2021-07-02,7.671232876712328
2021-07-03,1.36986301369863
2021-07-04,20.54794520547945
2021-07-05,20.82191780821918
2021-07-06,9.58904109589041
2021-07-07,10.95890410958904
2021-07-08,3.287671232876712
2021-07-09,9.315068493150685
2021-07-10,11.506849315068493
2021-07-11,39.45205479452055
2021-07-12,22.19178082191781
2021-07-13,33.97260273972603
2021-07-14,23.013698630136986
2021-07-15,76.98630136986301
2021-07-16,69.58904109589041
2021-07-17,85.20547945205479
2021-07-18,72.6027397260274
2021-07-19,88.21917808219177
2021-07-20,91.78082191780823
2021-07-21,78.63013698630137
2021-07-22,34.794520547945204
2021-07-23,2.191780821917808
2021-07-24,1.095890410958904
2021-07-25,2.191780821917808
2021-07-26,4.383561643835616
2021-07-27,9.863013698630137
2021-07-28,9.04109589041096
2021-07-29,40.0
2021-07-30,50.95890410958904
2021-07-31,58.9041095890411
2021-08-01,86.57534246575342
2021-08-02,65.47945205479452
2021-08-03,78.08219178082192
2021-08-04,21.91780821917808
2021-08-05,31.506849315068493
2021-08-06,29.315068493150687
2021-08-07,83.01369863013699
2021-08-08,54.52054794520548
2021-08-09,30.684931506849313
2021-08-10,6.575342465753424
2021-08-11,35.342465753424655
2021-08-12,22.19178082191781
2021-08-13,13.424657534246576
2021-08-14,4.657534246575342
2021-08-15,7.945205479452055
2021-08-16,7.123287671232877
2021-08-17,3.835616438356164
2021-08-18,3.835616438356164
2021-08-19,14.794520547945206
2021-08-20,22.73972602739726
2021-08-21,20.0
2021-08-22,9.863013698630137
2021-08-23,1.643835616438356
2021-08-24,0.0
2021-08-25,0.0
2021-08-26,3.287671232876712
2021-08-27,9.863013698630137
2021-08-28,27.123287671232877
2021-08-29,26.84931506849315
2021-08-30,39.178082191780824
2021-08-31,6.575342465753424
2021-09-01,5.205479452054795
2021-09-02,9.58904109589041
2021-09-03,39.45205479452055
2021-09-04,54.794520547945204
2021-09-05,29.315068493150687
2021-09-06,23.013698630136986
2021-09-07,52.32876712328767
2021-09-08,36.16438356164384
2021-09-09,54.24657534246575
2021-09-10,19.45205479452055
2021-09-11,46.02739726027397
2021-09-12,26.575342465753426
2021-09-13,12.32876712328767
2021-09-14,34.52054794520548
2021-09-15,42.19178082191781
2021-09-16,66.57534246575342
2021-09-17,37.26027397260274
2021-09-18,27.945205479452056
2021-09-19,48.76712328767123
2021-09-20,23.561643835616437
2021-09-21,99.17808219178082
2021-09-22,98.63013698630137
2021-09-23,98.9041095890411
2021-09-24,27.945205479452056
2021-09-25,26.027397260273972
2021-09-26,11.232876712328768
2021-09-27,4.657534246575342
2021-09-28,3.835616438356164
2021-09-29,4.657534246575342
2021-09-30,7.123287671232877
2021-10-01,17.26027397260274
2021-10-02,13.698630136986301
2021-10-03,18.904109589041095
2021-10-04,25.47945205479452
2021-10-05,47.12328767123287
2021-10-06,43.013698630136986
2021-10-07,50.41095890410959
2021-10-08,63.28767123287671
2021-10-09,56.43835616438356
2021-10-10,23.835616438356166
2021-10-11,21.095890410958905
2021-10-12,41.0958904109589
2021-10-13,58.63013698630137
2021-10-14,44.10958904109589
2021-10-15,68.4931506849315
2021-10-16,79.45205479452055
2021-10-17,79.72602739726027
2021-10-18,56.986301369863014
2021-10-19,90.41095890410959
2021-10-20,96.71232876712328
2021-10-21,94.52054794520548
2021-10-22,56.71232876712329
2021-10-23,9.863013698630137
2021-10-24,2.73972602739726
2021-10-25,2.191780821917808
2021-10-26,12.876712328767123
2021-10-27,39.178082191780824
2021-10-28,52.602739726027394
2021-10-29,24.65753424657534
2021-10-30,12.602739726027398
2021-10-31,7.671232876712328
2021-11-01,30.958904109589042
2021-11-02,70.95890410958904
2021-11-03,83.83561643835617
2021-11-04,53.42465753424658
2021-11-05,27.397260273972602
2021-11-06,22.465753424657535
2021-11-07,38.082191780821915
2021-11-08,57.80821917808219
2021-11-09,60.0
2021-11-10,43.56164383561644
2021-11-11,36.16438356164384
2021-11-12,29.041095890410958
2021-11-13,23.835616438356166
2021-11-14,30.684931506849313
2021-11-15,53.42465753424658
2021-11-16,37.80821917808219
2021-11-17,23.835616438356166
2021-11-18,8.219178082191782
2021-11-19,19.726027397260275
2021-11-20,26.575342465753426
2021-11-21,36.986301369863014
2021-11-22,31.232876712328768
2021-11-23,25.753424657534246
2021-11-24,18.356164383561644
2021-11-25,23.013698630136986
2021-11-26,13.424657534246576
2021-11-27,15.616438356164384
2021-11-28,9.58904109589041
2021-11-29,20.82191780821918
2021-11-30,45.205479452054796
2021-12-01,41.917808219178085
2021-12-02,24.383561643835616
2021-12-03,0.0
2021-12-04,0.821917808219178
2021-12-05,6.575342465753424
2021-12-06,62.19178082191781
2021-12-07,52.054794520547944
2021-12-08,14.520547945205479
2021-12-09,14.520547945205479
2021-12-10,38.082191780821915
2021-12-11,72.32876712328768
2021-12-12,62.73972602739726
2021-12-13,33.97260273972603
2021-12-14,12.876712328767123
2021-12-15,47.12328767123287
2021-12-16,17.534246575342465
2021-12-17,7.397260273972603
2021-12-18,2.191780821917808
2021-12-19,3.287671232876712
2021-12-20,28.21917808219178
2021-12-21,37.26027397260274
2021-12-22,46.57534246575342
2021-12-23,25.47945205479452
2021-12-24,51.78082191780822
2021-12-25,49.31506849315068
2021-12-26,70.13698630136986
2021-12-27,57.534246575342465
2021-12-28,72.32876712328768
2021-12-29,47.12328767123287
2021-12-30,19.726027397260275
2021-12-31,16.71232876712329
2022-01-01,5.7534246575342465
2022-01-02,2.191780821917808
2022-01-03,6.301369863013699
2022-01-04,23.561643835616437
2022-01-05,79.17808219178082
2022-01-06,39.178082191780824
2022-01-07,82.1917808219178
2022-01-08,76.71232876712328
2022-01-09,86.3013698630137
2022-01-10,29.315068493150687
2022-01-11,58.9041095890411
2022-01-12,40.273972602739725
2022-01-13,80.0
2022-01-14,44.93150684931507
2022-01-15,56.16438356164384
2022-01-16,39.45205479452055
2022-01-17,15.068493150684931
2022-01-18,12.32876712328767
2022-01-19,10.684931506849315
2022-01-20,3.287671232876712
2022-01-21,0.273972602739726
2022-01-22,0.0
2022-01-23,3.0136986301369864
2022-01-24,4.383561643835616
2022-01-25,16.986301369863014
2022-01-26,41.36986301369863
2022-01-27,59.178082191780824
2022-01-28,43.28767123287671
2022-01-29,27.123287671232877
2022-01-30,12.054794520547945
2022-01-31,15.89041095890411
2022-02-01,8.493150684931507
2022-02-02,43.83561643835616
2022-02-03,58.082191780821915
2022-02-04,94.79452054794521
2022-02-05,85.75342465753425
2022-02-06,73.6986301369863
2022-02-07,28.21917808219178
2022-02-08,51.50684931506849
2022-02-09,44.93150684931507
2022-02-10,50.95890410958904
2022-02-11,32.602739726027394
2022-02-12,51.23287671232877
2022-02-13,42.465753424657535
2022-02-14,78.63013698630137
2022-02-15,75.06849315068493
2022-02-16,72.05479452054794
2022-02-17,34.24657534246575
2022-02-18,19.726027397260275
2022-02-19,18.904109589041095
2022-02-20,61.36986301369863
2022-02-21,13.698630136986301
2022-02-22,7.945205479452055
2022-02-23,2.73972602739726
2022-02-24,10.136986301369863
2022-02-25,28.21917808219178
2022-02-26,26.575342465753426
2022-02-27,71.78082191780823
2022-02-28,78.9041095890411
2022-03-01,83.28767123287672
2022-03-02,50.136986301369866
2022-03-03,22.19178082191781
2022-03-04,17.80821917808219
2022-03-05,24.931506849315067
2022-03-06,11.232876712328768
2022-03-07,6.301369863013699
2022-03-08,9.04109589041096
2022-03-09,27.671232876712327
2022-03-10,41.0958904109589
2022-03-11,50.68493150684932
2022-03-12,45.47945205479452
2022-03-13,64.93150684931507
2022-03-14,72.6027397260274
2022-03-15,78.08219178082192
2022-03-16,56.16438356164384
2022-03-17,29.041095890410958
2022-03-18,15.342465753424657
2022-03-19,27.671232876712327
2022-03-20,89.86301369863014
2022-03-21,86.84931506849315
2022-03-22,76.71232876712328
2022-03-23,8.493150684931507
2022-03-24,7.945205479452055
2022-03-25,17.397260273972602
2022-03-26,36.71232876712328
2022-03-27,37.534246575342465
2022-03-28,25.342465753424655
2022-03-29,19.589041095890412
2022-03-30,34.24657534246575
2022-03-31,43.42465753424657
2022-04-01,40.821917808219176
2022-04-02,39.04109589041096
2022-04-03,42.6027397260274
2022-04-04,45.205479452054796
2022-04-05,45.47945205479452
2022-04-06,23.150684931506852
2022-04-07,20.821917808219176
2022-04-08,7.397260273972602
2022-04-09,16.43835616438356
2022-04-10,38.49315068493151
2022-04-11,51.64383561643835
2022-04-12,49.17808219178082
2022-04-13,36.986301369863014
2022-04-14,23.424657534246577
2022-04-15,25.06849315068493
2022-04-16,19.45205479452055
2022-04-17,21.095890410958905
2022-04-18,19.726027397260275
2022-04-19,24.246575342465754
2022-04-20,30.958904109589042
2022-04-21,44.52054794520548
2022-04-22,35.47945205479452
2022-04-23,49.04109589041096
2022-04-24,48.76712328767123
2022-04-25,51.78082191780822
2022-04-26,21.0958904109589
2022-04-27,18.63013698630137
2022-04-28,13.287671232876711
2022-04-29,26.027397260273975
2022-04-30,33.97260273972603
2022-05-01,31.506849315068493
2022-05-02,23.56164383561644
2022-05-03,16.164383561643834
2022-05-04,12.876712328767123
2022-05-05,24.246575342465754
2022-05-06,15.89041095890411
2022-05-07,23.835616438356162
2022-05-08,26.164383561643834
2022-05-09,53.56164383561644
2022-05-10,54.52054794520548
2022-05-11,55.61643835616439
2022-05-12,94.38356164383562
2022-05-13,87.94520547945206
2022-05-14,87.53424657534246
2022-05-15,70.13698630136986
2022-05-16,84.79452054794521
2022-05-17,62.73972602739726
2022-05-18,68.63013698630138
2022-05-19,42.465753424657535
2022-05-20,33.42465753424658
2022-05-21,23.835616438356166
2022-05-22,26.027397260273972
2022-05-23,40.821917808219176
2022-05-24,48.082191780821915
2022-05-25,46.301369863013704
2022-05-26,28.9041095890411
2022-05-27,45.89041095890411
2022-05-28,45.61643835616438
2022-05-29,58.76712328767123
2022-05-30,30.273972602739725
2022-05-31,49.04109589041096
2022-06-01,53.28767123287671
2022-06-02,58.35616438356164
2022-06-03,46.71232876712329
2022-06-04,35.342465753424655
2022-06-05,51.369863013698634
2022-06-06,40.68493150684932
2022-06-07,44.93150684931507
2022-06-08,25.47945205479452
2022-06-09,25.205479452054796
2022-06-10,29.178082191780824
2022-06-11,38.49315068493151
2022-06-12,49.041095890410965
2022-06-13,65.89041095890411
2022-06-14,92.87671232876713
2022-06-15,82.73972602739727
2022-06-16,97.67123287671234
2022-06-17,90.13698630136986
2022-06-18,69.45205479452055
2022-06-19,84.65753424657534
2022-06-20,63.56164383561644
2022-06-21,55.75342465753425
2022-06-22,62.465753424657535
2022-06-23,75.20547945205479
2022-06-24,86.02739726027397
2022-06-25,73.15068493150685
2022-06-26,71.91780821917808
2022-06-27,80.82191780821918
2022-06-28,78.08219178082192
2022-06-29,86.98630136986301
2022-06-30,93.83561643835617
2022-07-01,92.1917808219178
2022-07-02,90.41095890410958
2022-07-03,82.73972602739727
2022-07-04,58.49315068493151
2022-07-05,41.78082191780822
2022-07-06,33.013698630136986
2022-07-07,20.684931506849313
2022-07-08,19.726027397260275
2022-07-09,16.438356164383563
2022-07-10,37.26027397260274
2022-07-11,32.602739726027394
2022-07-12,31.643835616438356
2022-07-13,21.232876712328768
2022-07-14,25.34246575342466
2022-07-15,29.041095890410958
2022-07-16,40.273972602739725
2022-07-17,29.041095890410958
2022-07-18,33.28767123287671
2022-07-19,31.369863013698627
2022-07-20,62.87671232876712
2022-07-21,59.178082191780824
2022-07-22,71.91780821917808
2022-07-23,30.958904109589042
2022-07-24,33.15068493150685
2022-07-25,32.054794520547944
2022-07-26,55.06849315068493
2022-07-27,56.84931506849315
2022-07-28,47.67123287671233
2022-07-29,42.602739726027394
2022-07-30,58.76712328767123
2022-07-31,43.013698630136986
2022-08-01,32.73972602739726
2022-08-02,21.36986301369863
2022-08-03,22.19178082191781
2022-08-04,33.56164383561644
2022-08-05,40.54794520547945
2022-08-06,55.06849315068493
2022-08-07,37.945205479452056
2022-08-08,39.86301369863014
2022-08-09,27.397260273972602
2022-08-10,29.726027397260275
2022-08-11,22.876712328767123
2022-08-12,38.630136986301366
2022-08-13,41.78082191780822
2022-08-14,52.465753424657535
2022-08-15,28.493150684931507
2022-08-16,22.19178082191781
2022-08-17,32.19178082191781
2022-08-18,31.232876712328768
2022-08-19,40.95890410958904
2022-08-20,28.356164383561644
2022-08-21,48.49315068493151
2022-08-22,39.58904109589041
2022-08-23,57.67123287671233
2022-08-24,44.24657534246575
2022-08-25,46.986301369863014
2022-08-26,21.78082191780822
2022-08-27,19.45205479452055
2022-08-28,29.17808219178082
2022-08-29,19.863013698630137
2022-08-30,26.43835616438356
2022-08-31,20.684931506849313
2022-09-01,43.97260273972603
2022-09-02,39.86301369863014
2022-09-03,54.657534246575345
2022-09-04,40.0
2022-09-05,50.41095890410959
2022-09-06,64.93150684931507
2022-09-07,68.21917808219177
2022-09-08,67.12328767123287
2022-09-09,64.10958904109589
2022-09-10,29.315068493150687
2022-09-11,28.35616438356164
2022-09-12,34.38356164383562
2022-09-13,59.86301369863014
2022-09-14,53.150684931506845
2022-09-15,63.013698630136986
2022-09-16,52.87671232876712
2022-09-17,53.97260273972603
2022-09-18,51.50684931506849
2022-09-19,46.301369863013704
2022-09-20,57.397260273972606
2022-09-21,55.89041095890411
2022-09-22,46.71232876712328
2022-09-23,34.65753424657534
2022-09-24,42.73972602739726
2022-09-25,49.04109589041096
2022-09-26,63.42465753424658
2022-09-27,63.97260273972603
2022-09-28,67.67123287671232
2022-09-29,66.30136986301369
2022-09-30,58.49315068493151
2022-10-01,58.76712328767123
2022-10-02,69.04109589041096
2022-10-03,53.698630136986296
2022-10-04,53.42465753424658
2022-10-05,46.43835616438356
2022-10-06,55.75342465753425
2022-10-07,53.56164383561644
2022-10-08,51.917808219178085
2022-10-09,41.64383561643836
2022-10-10,44.52054794520548
2022-10-11,46.02739726027397
2022-10-12,45.753424657534254
2022-10-13,42.054794520547944
2022-10-14,34.38356164383562
2022-10-15,43.56164383561644
2022-10-16,43.15068493150685
2022-10-17,45.205479452054796
2022-10-18,36.71232876712329
2022-10-19,32.465753424657535
2022-10-20,27.534246575342465
2022-10-21,37.945205479452056
2022-10-22,44.52054794520548
2022-10-23,46.57534246575342
2022-10-24,42.87671232876712
2022-10-25,38.9041095890411
2022-10-26,41.917808219178085
2022-10-27,39.31506849315069
2022-10-28,36.57534246575342
2022-10-29,39.178082191780824
2022-10-30,42.465753424657535
2022-10-31,32.32876712328767
2022-11-01,29.45205479452055
2022-11-02,20.410958904109588
2022-11-03,29.45205479452055
2022-11-04,17.123287671232877
2022-11-05,20.684931506849313
2022-11-06,27.26027397260274
2022-11-07,44.109589041095894
2022-11-08,70.41095890410959
2022-11-09,98.9041095890411
2022-11-10,96.57534246575342
2022-11-11,98.21917808219177
2022-11-12,91.5068493150685
2022-11-13,72.87671232876713
2022-11-14,63.28767123287671
2022-11-15,75.06849315068493
2022-11-16,78.35616438356163
2022-11-17,45.89041095890411
2022-11-18,32.465753424657535
2022-11-19,30.273972602739725
2022-11-20,47.12328767123288
2022-11-21,43.56164383561644
2022-11-22,55.75342465753425
2022-11-23,31.64383561643836
2022-11-24,28.493150684931507
2022-11-25,18.63013698630137
2022-11-26,39.178082191780824
2022-11-27,39.58904109589041
2022-11-28,27.808219178082194
2022-11-29,37.397260273972606
2022-11-30,39.31506849315068
2022-12-01,44.38356164383561
2022-12-02,36.71232876712329
2022-12-03,46.57534246575342
2022-12-04,34.794520547945204
2022-12-05,28.493150684931507
2022-12-06,27.123287671232877
2022-12-07,46.02739726027397
2022-12-08,40.41095890410959
2022-12-09,42.32876712328767
2022-12-10,36.71232876712329
2022-12-11,34.657534246575345
2022-12-12,34.24657534246575
2022-12-13,35.75342465753425
2022-12-14,43.561643835616444
2022-12-15,34.52054794520548
2022-12-16,39.58904109589041
2022-12-17,36.71232876712329
2022-12-18,35.20547945205479
2022-12-19,23.15068493150685
2022-12-20,14.246575342465754
2022-12-21,29.452054794520546
2022-12-22,29.45205479452055
2022-12-23,26.027397260273972
2022-12-24,18.493150684931507
2022-12-25,30.273972602739725
2022-12-26,35.34246575342466
2022-12-27,37.534246575342465
2022-12-28,35.75342465753425
2022-12-29,32.054794520547944
2022-12-30,27.671232876712327
2022-12-31,32.602739726027394
2023-01-01,27.123287671232877
2023-01-02,21.232876712328768
2023-01-03,16.986301369863014
2023-01-04,14.383561643835616
2023-01-05,24.383561643835616
2023-01-06,21.78082191780822
2023-01-07,25.616438356164384
2023-01-08,38.08219178082192
2023-01-09,39.726027397260275
2023-01-10,40.54794520547945
2023-01-11,47.12328767123287
2023-01-12,45.890410958904106
2023-01-13,54.794520547945204
2023-01-14,54.24657534246575
2023-01-15,48.082191780821915
2023-01-16,34.24657534246575
2023-01-17,40.273972602739725
2023-01-18,54.38356164383562
2023-01-19,45.61643835616438
2023-01-20,32.19178082191781
2023-01-21,45.34246575342466
2023-01-22,38.49315068493151
2023-01-23,52.054794520547944
2023-01-24,35.89041095890411
2023-01-25,51.09589041095891
2023-01-26,47.945205479452056
2023-01-27,47.80821917808219
2023-01-28,34.10958904109589
2023-01-29,35.61643835616438
2023-01-30,39.86301369863014
2023-01-31,47.945205479452056
2023-02-01,48.49315068493151
2023-02-02,36.57534246575342
2023-02-03,31.36986301369863
2023-02-04,27.397260273972602
2023-02-05,34.52054794520548
2023-02-06,36.02739726027397
2023-02-07,24.52054794520548
2023-02-08,31.917808219178085
2023-02-09,27.123287671232877
2023-02-10,21.506849315068493
2023-02-11,12.73972602739726
2023-02-12,14.931506849315069
2023-02-13,28.493150684931507
2023-02-14,27.26027397260274
2023-02-15,23.15068493150685
2023-02-16,23.835616438356162
2023-02-17,29.315068493150683
2023-02-18,25.34246575342466
2023-02-19,18.35616438356164
2023-02-20,23.28767123287671
2023-02-21,32.465753424657535
2023-02-22,43.97260273972603
2023-02-23,45.342465753424655
2023-02-24,33.83561643835616
2023-02-25,38.21917808219178
2023-02-26,23.013698630136986
2023-02-27,20.547945205479454
2023-02-28,38.49315068493151
2023-03-01,44.24657534246575
2023-03-02,48.630136986301366
2023-03-03,35.75342465753425
2023-03-04,44.24657534246575
2023-03-05,46.57534246575342
2023-03-06,49.04109589041096
2023-03-07,45.47945205479452
2023-03-08,28.9041095890411
2023-03-09,26.712328767123285
2023-03-10,46.43835616438356
2023-03-11,58.082191780821915
2023-03-12,60.0
2023-03-13,66.98630136986301
2023-03-14,69.58904109589041
2023-03-15,70.0
2023-03-16,66.02739726027397
2023-03-17,57.12328767123288
2023-03-18,43.83561643835616
2023-03-19,47.945205479452056
2023-03-20,66.98630136986301
2023-03-21,73.83561643835617
2023-03-22,69.04109589041096
2023-03-23,72.46575342465754
2023-03-24,65.89041095890411
2023-03-25,41.369863013698634
2023-03-26,25.753424657534246
2023-03-27,25.34246575342466
2023-03-28,33.97260273972603
2023-03-29,64.10958904109589
2023-03-30,56.71232876712328
2023-03-31,44.52054794520548
2023-04-01,38.76712328767123
2023-04-02,48.630136986301366
2023-04-03,49.86301369863014
2023-04-04,43.97260273972603
2023-04-05,28.082191780821915
2023-04-06,36.986301369863014
2023-04-07,33.56164383561644
2023-04-08,30.0
2023-04-09,30.54794520547945
2023-04-10,48.630136986301366
2023-04-11,33.013698630136986
2023-04-12,39.58904109589041
2023-04-13,23.698630136986303
2023-04-14,40.0
2023-04-15,19.041095890410958
2023-04-16,21.506849315068493
2023-04-17,27.53424657534247
2023-04-18,37.26027397260274
2023-04-19,20.54794520547945
2023-04-20,29.58904109589041
2023-04-21,29.45205479452055
2023-04-22,51.50684931506849
2023-04-23,41.91780821917808
2023-04-24,42.73972602739726
2023-04-25,42.465753424657535
2023-04-26,48.35616438356165
2023-04-27,43.83561643835616
2023-04-28,38.9041095890411
2023-04-29,43.15068493150685
2023-04-30,51.50684931506849
2023-05-01,49.589041095890416
2023-05-02,50.13698630136986
2023-05-03,46.438356164383556
2023-05-04,49.45205479452055
2023-05-05,38.9041095890411
2023-05-06,17.67123287671233
2023-05-07,16.164383561643834
2023-05-08,34.794520547945204
2023-05-09,42.73972602739726
2023-05-10,45.06849315068493
2023-05-11,33.42465753424658
2023-05-12,32.73972602739726
2023-05-13,23.28767123287671
2023-05-14,26.164383561643834
2023-05-15,41.50684931506849
2023-05-16,39.04109589041096
2023-05-17,45.61643835616438
2023-05-18,41.36986301369863
2023-05-19,37.12328767123288
2023-05-20,29.04109589041096
2023-05-21,30.136986301369863
2023-05-22,33.83561643835616
2023-05-23,32.054794520547944
2023-05-24,23.835616438356166
2023-05-25,24.109589041095887
2023-05-26,21.91780821917808
2023-05-27,20.821917808219176
2023-05-28,19.45205479452055
2023-05-29,16.84931506849315
2023-05-30,13.150684931506849
2023-05-31,22.054794520547944
2023-06-01,33.15068493150685
2023-06-02,39.31506849315068
2023-06-03,36.43835616438356
2023-06-04,27.945205479452053
2023-06-05,34.38356164383562
2023-06-06,41.917808219178085
2023-06-07,44.38356164383562
2023-06-08,37.12328767123287
2023-06-09,24.10958904109589
2023-06-10,26.164383561643834
2023-06-11,20.958904109589042
2023-06-12,25.06849315068493
2023-06-13,18.493150684931507
2023-06-14,18.35616438356164
2023-06-15,16.575342465753426
2023-06-16,15.89041095890411
2023-06-17,19.589041095890412
2023-06-18,21.095890410958905
2023-06-19,18.767123287671232
2023-06-20,38.35616438356165
2023-06-21,28.493150684931507
2023-06-22,23.424657534246574
2023-06-23,17.26027397260274
2023-06-24,19.589041095890412
2023-06-25,29.45205479452055
2023-06-26,39.86301369863014
2023-06-27,41.50684931506849
2023-06-28,31.232876712328768
2023-06-29,33.42465753424658
2023-06-30,30.136986301369863
2023-07-01,29.726027397260275
2023-07-02,22.054794520547944
2023-07-03,34.93150684931507
2023-07-04,40.273972602739725
2023-07-05,40.27397260273973
2023-07-06,16.84931506849315
2023-07-07,17.397260273972602
2023-07-08,17.671232876712327
2023-07-09,39.726027397260275
2023-07-10,33.28767123287671
2023-07-11,42.054794520547944
2023-07-12,37.945205479452056
2023-07-13,43.83561643835617
2023-07-14,33.42465753424658
2023-07-15,35.342465753424655
2023-07-16,24.52054794520548
2023-07-17,10.410958904109588
2023-07-18,6.438356164383562
2023-07-19,6.438356164383562
2023-07-20,24.246575342465754
2023-07-21,33.28767123287671
2023-07-22,43.561643835616444
2023-07-23,35.890410958904106
2023-07-24,35.47945205479452
2023-07-25,27.26027397260274
2023-07-26,32.328767123287676
2023-07-27,25.205479452054796
2023-07-28,21.232876712328768
2023-07-29,14.383561643835616
2023-07-30,27.397260273972602
2023-07-31,27.80821917808219
2023-08-01,37.12328767123287
2023-08-02,34.93150684931506
2023-08-03,30.821917808219176
2023-08-04,27.123287671232877
2023-08-05,23.698630136986303
2023-08-06,23.15068493150685
2023-08-07,21.232876712328768
2023-08-08,37.80821917808219
2023-08-09,36.986301369863014
2023-08-10,39.589041095890416
2023-08-11,33.97260273972603
2023-08-12,39.45205479452055
2023-08-13,24.383561643835616
2023-08-14,14.794520547945204
2023-08-15,9.178082191780822
2023-08-16,23.972602739726028
2023-08-17,23.561643835616437
2023-08-18,11.506849315068493
2023-08-19,10.82191780821918
2023-08-20,24.657534246575345
2023-08-21,29.863013698630137
2023-08-22,30.958904109589042
2023-08-23,31.78082191780822
2023-08-24,17.80821917808219
2023-08-25,17.123287671232877
2023-08-26,28.767123287671232
2023-08-27,40.136986301369866
2023-08-28,35.205479452054796
2023-08-29,16.164383561643834
2023-08-30,26.164383561643834
2023-08-31,29.315068493150683
2023-09-01,38.630136986301366
2023-09-02,20.54794520547945
2023-09-03,20.684931506849317
2023-09-04,21.506849315068493
2023-09-05,30.684931506849317
2023-09-06,30.41095890410959
2023-09-07,54.38356164383561
2023-09-08,54.52054794520548
2023-09-09,53.97260273972603
2023-09-10,19.45205479452055
2023-09-11,21.506849315068493
2023-09-12,17.123287671232877
2023-09-13,26.849315068493148
2023-09-14,40.41095890410959
2023-09-15,35.205479452054796
2023-09-16,30.82191780821918
2023-09-17,14.246575342465754
2023-09-18,14.794520547945206
2023-09-19,22.054794520547944
2023-09-20,23.561643835616437
2023-09-21,37.534246575342465
2023-09-22,22.73972602739726
2023-09-23,24.520547945205482
2023-09-24,27.397260273972602
2023-09-25,31.36986301369863
2023-09-26,39.726027397260275
2023-09-27,23.6986301369863
2023-09-28,31.64383561643836
2023-09-29,15.205479452054794
2023-09-30,13.698630136986303
2023-10-01,14.52054794520548
2023-10-02,18.21917808219178
2023-10-03,15.479452054794521
2023-10-04,9.315068493150685
2023-10-05,8.63013698630137
2023-10-06,10.273972602739725
2023-10-07,33.6986301369863
2023-10-08,43.28767123287671
2023-10-09,49.04109589041096
2023-10-10,42.32876712328767
2023-10-11,27.534246575342465
2023-10-12,6.986301369863013
2023-10-13,6.575342465753424
2023-10-14,9.315068493150685
2023-10-15,47.671232876712324
2023-10-16,58.9041095890411
2023-10-17,57.67123287671233
2023-10-18,44.10958904109589
2023-10-19,44.10958904109589
2023-10-20,43.56164383561644
2023-10-21,44.10958904109589
2023-10-22,47.671232876712324
2023-10-23,79.72602739726028
2023-10-24,78.4931506849315
2023-10-25,85.34246575342465
2023-10-26,70.13698630136986
2023-10-27,49.04109589041096
2023-10-28,29.45205479452055
2023-10-29,46.16438356164384
2023-10-30,42.602739726027394
2023-10-31,47.534246575342465
2023-11-01,62.465753424657535
2023-11-02,82.6027397260274
2023-11-03,83.83561643835617
2023-11-04,90.54794520547945
2023-11-05,65.47945205479452
2023-11-06,79.17808219178082
2023-11-07,77.53424657534246
2023-11-08,83.69863013698631
2023-11-09,84.79452054794521
2023-11-10,82.46575342465754
2023-11-11,77.53424657534246
2023-11-12,57.397260273972606
2023-11-13,38.9041095890411
2023-11-14,39.86301369863014
2023-11-15,52.73972602739726
2023-11-16,55.75342465753425
2023-11-17,76.84931506849315
2023-11-18,71.36986301369862
2023-11-19,38.76712328767123
2023-11-20,38.9041095890411
2023-11-21,35.205479452054796
2023-11-22,48.21917808219178
2023-11-23,57.397260273972606
2023-11-24,66.02739726027397
2023-11-25,58.9041095890411
2023-11-26,60.27397260273973
2023-11-27,58.630136986301366
2023-11-28,61.78082191780821
2023-11-29,61.78082191780822
2023-11-30,68.4931506849315
2023-12-01,70.0
2023-12-02,74.38356164383562
2023-12-03,60.82191780821918
2023-12-04,70.54794520547945
2023-12-05,76.43835616438356
2023-12-06,74.10958904109589
2023-12-07,58.49315068493151
2023-12-08,46.57534246575342
2023-12-09,64.10958904109589
2023-12-10,81.5068493150685
2023-12-11,75.06849315068493
2023-12-12,76.7123287671233
2023-12-13,67.8082191780822
2023-12-14,74.24657534246575
2023-12-15,68.21917808219177
2023-12-16,58.49315068493151
2023-12-17,72.46575342465754
2023-12-18,63.15068493150685
2023-12-19,84.52054794520548
2023-12-20,88.08219178082192
2023-12-21,89.45205479452055
2023-12-22,88.21917808219177
2023-12-23,79.17808219178082
2023-12-24,68.21917808219179
2023-12-25,49.45205479452055
2023-12-26,68.35616438356165
2023-12-27,85.20547945205479
2023-12-28,84.52054794520548
2023-12-29,62.602739726027394
2023-12-30,53.013698630136986
2023-12-31,92.6027397260274
2024-01-01,98.63013698630138
2024-01-02,97.12328767123287
2024-01-03,96.7123287671233
2024-01-04,86.98630136986301
2024-01-05,87.39726027397259
2024-01-06,82.87671232876713
2024-01-07,81.5068493150685
2024-01-08,76.84931506849315
2024-01-09,83.83561643835617
2024-01-10,54.38356164383562
2024-01-11,39.45205479452054
2024-01-12,39.178082191780824
2024-01-13,36.3013698630137
2024-01-14,39.58904109589041
2024-01-15,39.04109589041096
2024-01-16,37.945205479452056
2024-01-17,50.95890410958904
2024-01-18,62.054794520547944
2024-01-19,59.86301369863014
2024-01-20,49.31506849315069
2024-01-21,26.71232876712329
2024-01-22,28.493150684931507
2024-01-23,51.917808219178085
2024-01-24,60.821917808219176
2024-01-25,64.79452054794521
2024-01-26,62.6027397260274
2024-01-27,59.86301369863014
2024-01-28,56.71232876712328
2024-01-29,59.863013698630134
2024-01-30,56.71232876712329
2024-01-31,30.41095890410959
2024-02-01,37.12328767123287
2024-02-02,35.61643835616438
2024-02-03,57.945205479452056
2024-02-04,56.57534246575343
2024-02-05,55.61643835616438
2024-02-06,43.28767123287671
2024-02-07,44.24657534246575
2024-02-08,54.24657534246575
2024-02-09,53.28767123287671
2024-02-10,55.47945205479452
2024-02-11,54.93150684931507
2024-02-12,68.4931506849315
2024-02-13,70.82191780821918
2024-02-14,81.78082191780823
2024-02-15,76.02739726027397
2024-02-16,73.83561643835617
2024-02-17,61.64383561643836
2024-02-18,86.84931506849315
2024-02-19,85.06849315068493
2024-02-20,83.15068493150685
2024-02-21,70.68493150684932
2024-02-22,79.58904109589041
2024-02-23,73.15068493150685
2024-02-24,77.12328767123287
2024-02-25,81.0958904109589
2024-02-26,85.34246575342465
2024-02-27,88.63013698630137
2024-02-28,93.97260273972603
2024-02-29,95.34246575342465
2024-03-01,88.35616438356165
2024-03-02,86.71232876712328
2024-03-03,84.10958904109589
2024-03-04,89.72602739726028
2024-03-05,90.27397260273972
2024-03-06,83.56164383561644
2024-03-07,79.45205479452055
2024-03-08,79.04109589041096
2024-03-09,89.58904109589041
2024-03-10,93.42465753424658
2024-03-11,88.4931506849315
2024-03-12,77.26027397260273
2024-03-13,83.83561643835617
2024-03-14,83.97260273972603
2024-03-15,73.28767123287672
2024-03-16,67.26027397260273
2024-03-17,65.47945205479452
2024-03-18,72.73972602739727
2024-03-19,76.43835616438356
2024-03-20,73.15068493150685
2024-03-21,71.91780821917808
2024-03-22,68.4931506849315
2024-03-23,80.0
2024-03-24,91.23287671232876
2024-03-25,82.46575342465754
2024-03-26,80.27397260273973
2024-03-27,77.26027397260273
2024-03-28,83.42465753424658
2024-03-29,86.30136986301369
2024-03-30,86.16438356164383
2024-03-31,89.86301369863014
2024-04-01,73.01369863013699
2024-04-02,58.082191780821915
2024-04-03,53.42465753424658
2024-04-04,57.397260273972606
2024-04-05,59.726027397260275
2024-04-06,61.780821917808225
2024-04-07,70.13698630136986
2024-04-08,78.9041095890411
2024-04-09,58.082191780821915
2024-04-10,66.98630136986301
2024-04-11,62.328767123287676
2024-04-12,77.67123287671232
2024-04-13,51.0958904109589
2024-04-14,67.8082191780822
2024-04-15,82.73972602739727
2024-04-16,89.45205479452055
2024-04-17,70.0
2024-04-18,55.342465753424655
2024-04-19,89.45205479452054
2024-04-20,76.3013698630137
2024-04-21,80.41095890410958
2024-04-22,54.79452054794521
2024-04-23,66.43835616438356
2024-04-24,58.76712328767124
2024-04-25,48.082191780821915
2024-04-26,44.79452054794521
2024-04-27,40.95890410958904
2024-04-28,63.013698630136986
2024-04-29,73.97260273972603
2024-04-30,78.63013698630138
2024-05-01,79.17808219178082
2024-05-02,38.9041095890411
2024-05-03,41.23287671232877
2024-05-04,40.13698630136986
2024-05-05,69.58904109589042
2024-05-06,64.65753424657534
2024-05-07,51.0958904109589
2024-05-08,42.328767123287676
2024-05-09,36.57534246575342
2024-05-10,38.21917808219178
2024-05-11,46.986301369863014
2024-05-12,41.64383561643835
2024-05-13,49.04109589041096
2024-05-14,47.26027397260274
2024-05-15,62.73972602739725
2024-05-16,62.465753424657535
2024-05-17,55.06849315068493
2024-05-18,50.0
2024-05-19,41.23287671232877
2024-05-20,76.57534246575342
2024-05-21,82.05479452054794
2024-05-22,80.68493150684932
2024-05-23,46.57534246575342
2024-05-24,40.41095890410959
2024-05-25,60.82191780821918
2024-05-26,51.78082191780822
2024-05-27,33.6986301369863
2024-05-28,30.958904109589042
2024-05-29,32.465753424657535
2024-05-30,53.013698630136986
2024-05-31,51.0958904109589
2024-06-01,41.64383561643835
2024-06-02,28.904109589041095
2024-06-03,28.9041095890411
2024-06-04,28.082191780821915
2024-06-05,36.849315068493155
2024-06-06,32.32876712328767
2024-06-07,47.397260273972606
2024-06-08,45.06849315068493
2024-06-09,44.38356164383562
2024-06-10,41.64383561643836
2024-06-11,57.397260273972606
2024-06-12,60.68493150684931
2024-06-13,63.698630136986296
2024-06-14,62.054794520547944
2024-06-15,63.56164383561644
2024-06-16,63.150684931506845
2024-06-17,63.6986301369863
2024-06-18,63.97260273972603
2024-06-19,57.12328767123287
2024-06-20,45.89041095890411
2024-06-21,55.205479452054796
2024-06-22,56.71232876712329
2024-06-23,67.3972602739726
2024-06-24,69.45205479452055
2024-06-25,65.34246575342466
2024-06-26,60.95890410958904
2024-06-27,47.945205479452056
2024-06-28,43.013698630136986
2024-06-29,36.84931506849315
2024-06-30,38.9041095890411
2024-07-01,40.13698630136986
2024-07-02,37.12328767123287
2024-07-03,53.56164383561644
2024-07-04,50.82191780821918
2024-07-05,54.10958904109589
2024-07-06,41.917808219178085
2024-07-07,69.17808219178082
2024-07-08,57.671232876712324
2024-07-09,68.35616438356165
2024-07-10,27.808219178082194
2024-07-11,30.13698630136986
2024-07-12,31.78082191780822
2024-07-13,58.219178082191775
2024-07-14,51.23287671232877
2024-07-15,32.32876712328767
2024-07-16,41.78082191780822
2024-07-17,52.602739726027394
2024-07-18,78.21917808219177
2024-07-19,78.76712328767124
2024-07-20,86.43835616438356
2024-07-21,89.31506849315068
2024-07-22,87.26027397260273
2024-07-23,78.63013698630138
2024-07-24,48.49315068493151
2024-07-25,50.13698630136986
2024-07-26,55.47945205479452
2024-07-27,62.1917808219178
2024-07-28,38.35616438356164
2024-07-29,27.808219178082194
2024-07-30,23.15068493150685
2024-07-31,30.54794520547945
2024-08-01,34.10958904109589
2024-08-02,34.93150684931507
2024-08-03,40.68493150684932
2024-08-04,45.06849315068493
2024-08-05,73.28767123287672
2024-08-06,63.28767123287671
2024-08-07,83.01369863013699
2024-08-08,70.95890410958904
2024-08-09,70.68493150684931
2024-08-10,47.397260273972606
2024-08-11,41.917808219178085
2024-08-12,39.726027397260275
2024-08-13,38.49315068493151
2024-08-14,31.78082191780822
2024-08-15,31.506849315068493
2024-08-16,32.465753424657535
2024-08-17,50.273972602739725
2024-08-18,72.60273972602741
2024-08-19,25.753424657534246
2024-08-20,25.89041095890411
2024-08-21,26.986301369863014
2024-08-22,58.76712328767123
2024-08-23,59.45205479452055
2024-08-24,58.9041095890411
2024-08-25,45.75342465753425
2024-08-26,28.493150684931507
2024-08-27,35.75342465753425
2024-08-28,58.082191780821915
2024-08-29,65.34246575342465
2024-08-30,55.06849315068493
2024-08-31,39.863013698630134
2024-09-01,38.35616438356164
2024-09-02,40.68493150684931
2024-09-03,30.136986301369863
2024-09-04,51.23287671232877
2024-09-05,45.89041095890411
2024-09-06,70.41095890410959
2024-09-07,64.79452054794521
2024-09-08,80.13698630136986
2024-09-09,79.86301369863014
2024-09-10,53.97260273972603
2024-09-11,40.13698630136986
2024-09-12,40.68493150684931
2024-09-13,50.273972602739725
2024-09-14,38.35616438356164
2024-09-15,33.28767123287672
2024-09-16,32.602739726027394
2024-09-17,28.767123287671232
2024-09-18,44.657534246575345
2024-09-19,61.78082191780822
2024-09-20,59.863013698630134
2024-09-21,54.24657534246576
2024-09-22,50.821917808219176
2024-09-23,57.534246575342465
2024-09-24,63.97260273972603
2024-09-25,44.38356164383561
2024-09-26,38.35616438356165
2024-09-27,31.506849315068493
2024-09-28,33.42465753424658
2024-09-29,35.20547945205479
2024-09-30,30.684931506849313
2024-10-01,37.945205479452056
2024-10-02,36.57534246575342
2024-10-03,40.273972602739725
2024-10-04,57.67123287671233
2024-10-05,47.80821917808219
2024-10-06,49.58904109589041
2024-10-07,34.657534246575345
2024-10-08,32.328767123287676
2024-10-09,33.28767123287671
2024-10-10,34.65753424657534
2024-10-11,84.10958904109589
2024-10-12,81.36986301369863
2024-10-13,82.05479452054794
2024-10-14,44.657534246575345
2024-10-15,46.57534246575342
2024-10-16,39.04109589041096
2024-10-17,45.06849315068493
2024-10-18,50.13698630136986
2024-10-19,61.917808219178085
2024-10-20,66.57534246575342
2024-10-21,63.56164383561644
2024-10-22,57.397260273972606
2024-10-23,55.75342465753425
2024-10-24,55.47945205479452
2024-10-25,47.534246575342465
2024-10-26,45.342465753424655
2024-10-27,56.57534246575342
2024-10-28,74.93150684931507
2024-10-29,66.84931506849315
2024-10-30,53.28767123287671
2024-10-31,35.890410958904106
2024-11-01,37.67123287671233
2024-11-02,43.013698630136986
2024-11-03,68.4931506849315
2024-11-04,80.0
2024-11-05,50.136986301369866
2024-11-06,42.73972602739726
2024-11-07,41.78082191780822
2024-11-08,42.87671232876713
2024-11-09,30.273972602739725
2024-11-10,42.73972602739726
2024-11-11,60.0
2024-11-12,64.24657534246575
2024-11-13,44.794520547945204
2024-11-14,49.58904109589041
2024-11-15,34.10958904109589
2024-11-16,70.41095890410959
2024-11-17,78.76712328767124
2024-11-18,84.24657534246575
2024-11-19,81.91780821917808
2024-11-20,83.2876712328767
2024-11-21,75.4794520547945
2024-11-22,73.97260273972603
2024-11-23,62.73972602739725
2024-11-24,83.97260273972603
2024-11-25,51.64383561643836
2024-11-26,50.95890410958904
2024-11-27,36.849315068493155
2024-11-28,42.87671232876713
2024-11-29,28.493150684931507
2024-11-30,50.54794520547945
2024-12-01,39.45205479452055
2024-12-02,48.630136986301366
2024-12-03,36.02739726027397
2024-12-04,39.31506849315068
2024-12-05,41.36986301369863
2024-12-06,36.16438356164383
2024-12-07,42.054794520547944
2024-12-08,38.49315068493151
2024-12-09,36.02739726027397
2024-12-10,35.34246575342466
2024-12-11,36.71232876712329
2024-12-12,47.26027397260274
2024-12-13,38.63013698630137
2024-12-14,41.917808219178085
2024-12-15,78.35616438356163
2024-12-16,82.05479452054794
2024-12-17,58.082191780821915
2024-12-18,47.3972602739726
2024-12-19,37.26027397260274
2024-12-20,57.8082191780822
2024-12-21,69.17808219178082
2024-12-22,71.23287671232876
2024-12-23,75.34246575342466
2024-12-24,63.97260273972603
2024-12-25,52.1917808219178
2024-12-26,41.23287671232877
2024-12-27,40.95890410958904
2024-12-28,48.21917808219178
2024-12-29,62.87671232876713
2024-12-30,56.16438356164383
2024-12-31,43.56164383561644
2025-01-01,43.28767123287671
2025-01-02,41.50684931506849
2025-01-03,54.109589041095894
2025-01-04,60.95890410958904
2025-01-05,73.42465753424658
2025-01-06,70.0
2025-01-07,66.16438356164383
2025-01-08,39.04109589041096
2025-01-09,44.52054794520548
2025-01-10,39.45205479452055
2025-01-11,59.04109589041096
2025-01-12,66.57534246575342
2025-01-13,71.91780821917808
2025-01-14,79.45205479452055
2025-01-15,72.05479452054794
2025-01-16,76.43835616438356
2025-01-17,61.369863013698634
2025-01-18,62.328767123287676
2025-01-19,47.67123287671233
2025-01-20,53.28767123287671
2025-01-21,57.26027397260275
2025-01-22,85.4794520547945
2025-01-23,79.72602739726028
2025-01-24,66.30136986301369
2025-01-25,40.821917808219176
2025-01-26,37.945205479452056
2025-01-27,36.84931506849315
2025-01-28,26.986301369863014
2025-01-29,30.0
2025-01-30,43.698630136986296
2025-01-31,41.50684931506849
2025-02-01,32.054794520547944
2025-02-02,42.465753424657535
2025-02-03,44.38356164383562
2025-02-04,48.76712328767124
2025-02-05,60.54794520547945
2025-02-06,53.83561643835617
2025-02-07,50.95890410958904
2025-02-08,35.75342465753425
2025-02-09,43.97260273972603
2025-02-10,21.78082191780822
2025-02-11,36.3013698630137
2025-02-12,17.67123287671233
2025-02-13,32.73972602739726
2025-02-14,13.972602739726028
2025-02-15,26.438356164383563
2025-02-16,20.684931506849317
2025-02-17,36.84931506849315
2025-02-18,28.630136986301366
2025-02-19,26.027397260273972
2025-02-20,26.164383561643834
2025-02-21,44.794520547945204
2025-02-22,50.82191780821918
2025-02-23,48.35616438356165
2025-02-24,7.945205479452055
2025-02-25,9.178082191780822
2025-02-26,40.82191780821918
2025-02-27,54.794520547945204
2025-02-28,37.12328767123287
2025-03-01,11.36986301369863
2025-03-02,22.32876712328767
2025-03-03,46.02739726027397
2025-03-04,71.91780821917808
2025-03-05,60.27397260273973
2025-03-06,69.17808219178082
2025-03-07,39.31506849315069
2025-03-08,51.09589041095891
2025-03-09,63.83561643835616
2025-03-10,52.054794520547944
2025-03-11,77.8082191780822
2025-03-12,75.89041095890411
2025-03-13,70.41095890410959
2025-03-14,61.23287671232877
2025-03-15,45.89041095890411
2025-03-16,60.0
2025-03-17,17.26027397260274
2025-03-18,11.506849315068493
2025-03-19,17.67123287671233
2025-03-20,44.65753424657534
2025-03-21,48.21917808219178
2025-03-22,53.28767123287672
2025-03-23,48.76712328767123
2025-03-24,50.136986301369866
2025-03-25,37.12328767123287
2025-03-26,39.589041095890416
2025-03-27,30.958904109589042
2025-03-28,42.87671232876712
2025-03-29,48.35616438356164
2025-03-30,61.780821917808225
2025-03-31,51.64383561643836
2025-04-01,45.47945205479452
2025-04-02,29.315068493150683
2025-04-03,58.21917808219178
2025-04-04,70.82191780821918
2025-04-05,78.63013698630137
2025-04-06,82.87671232876713
2025-04-07,60.41095890410959
2025-04-08,78.35616438356165
2025-04-09,55.890410958904106
2025-04-10,55.89041095890411
2025-04-11,57.534246575342465
2025-04-12,61.917808219178085
2025-04-13,63.42465753424658
2025-04-14,58.21917808219178
2025-04-15,14.246575342465754
2025-04-16,6.575342465753424
2025-04-17,4.10958904109589
2025-04-18,19.589041095890412
2025-04-19,38.49315068493151
2025-04-20,17.534246575342465
2025-04-21,33.56164383561644
2025-04-22,44.24657534246575
2025-04-23,51.23287671232877
2025-04-24,43.83561643835616
2025-04-25,31.232876712328768
2025-04-26,27.53424657534247
2025-04-27,28.082191780821915
2025-04-28,38.35616438356165
2025-04-29,25.616438356164384
2025-04-30,18.63013698630137
2025-05-01,12.739726027397259
2025-05-02,23.424657534246574
2025-05-03,2.191780821917808
2025-05-04,2.054794520547945
2025-05-05,1.2328767123287672
2025-05-06,21.232876712328768
2025-05-07,45.205479452054796
2025-05-08,40.821917808219176
2025-05-09,22.602739726027398
2025-05-10,29.863013698630137
2025-05-11,39.04109589041096
2025-05-12,41.23287671232877
2025-05-13,32.87671232876713
2025-05-14,34.52054794520548
2025-05-15,28.21917808219178
2025-05-16,26.301369863013697
2025-05-17,22.32876712328767
2025-05-18,6.301369863013699
2025-05-19,5.89041095890411
2025-05-20,17.534246575342465
2025-05-21,53.28767123287671
2025-05-22,49.04109589041096
2025-05-23,29.863013698630137
2025-05-24,18.35616438356164
2025-05-25,22.465753424657535
2025-05-26,15.479452054794521
2025-05-27,15.616438356164384
2025-05-28,29.452054794520546
2025-05-29,26.84931506849315
2025-05-30,26.98630136986301
2025-05-31,23.972602739726025
2025-06-01,21.78082191780822
2025-06-02,20.410958904109588
2025-06-03,17.397260273972602
2025-06-04,26.575342465753426
2025-06-05,33.6986301369863
2025-06-06,39.31506849315068
2025-06-07,34.79452054794521
2025-06-08,23.28767123287671
2025-06-09,17.397260273972602
2025-06-10,21.36986301369863
2025-06-11,20.273972602739725
2025-06-12,18.21917808219178
2025-06-13,14.520547945205479
2025-06-14,19.72602739726027
2025-06-15,16.027397260273972
2025-06-16,31.506849315068493
2025-06-17,33.97260273972603
2025-06-18,39.31506849315068
2025-06-19,14.931506849315069
2025-06-20,13.15068493150685
2025-06-21,31.917808219178085
2025-06-22,30.82191780821918
2025-06-23,5.479452054794521
2025-06-24,2.6027397260273974
2025-06-25,2.8767123287671232
2025-06-26,36.71232876712329
2025-06-27,38.35616438356164
2025-06-28,45.205479452054796
2025-06-29,37.80821917808219
2025-06-30,26.301369863013697
2025-07-01,25.205479452054796
2025-07-02,26.84931506849315
2025-07-03,18.9041095890411
2025-07-04,14.794520547945204
2025-07-05,16.164383561643834
2025-07-06,19.315068493150687
2025-07-07,11.917808219178081
2025-07-08,13.835616438356166
2025-07-09,21.506849315068493
2025-07-10,32.87671232876712
2025-07-11,26.027397260273972
2025-07-12,34.24657534246575
2025-07-13,33.83561643835616
2025-07-14,22.876712328767123
2025-07-15,25.616438356164384
2025-07-16,9.45205479452055
2025-07-17,15.479452054794521
2025-07-18,9.178082191780822
2025-07-19,26.986301369863014
2025-07-20,13.972602739726028
2025-07-21,10.821917808219178
2025-07-22,19.589041095890412
2025-07-23,33.013698630136986
2025-07-24,53.15068493150685
2025-07-25,45.890410958904106
2025-07-26,45.890410958904106
2025-07-27,20.95890410958904
2025-07-28,40.0
2025-07-29,38.76712328767123
2025-07-30,38.63013698630137
2025-07-31,35.205479452054796
2025-08-01,35.75342465753425
2025-08-02,44.52054794520548
2025-08-03,37.12328767123288
2025-08-04,33.42465753424658
2025-08-05,9.315068493150685
2025-08-06,14.246575342465754
2025-08-07,14.383561643835616
2025-08-08,31.643835616438356
2025-08-09,31.232876712328768
2025-08-10,31.232876712328764
2025-08-11,19.45205479452055
2025-08-12,24.794520547945204
2025-08-13,31.36986301369863
2025-08-14,32.87671232876713
2025-08-15,21.0958904109589
2025-08-16,16.027397260273972
2025-08-17,17.808219178082194
2025-08-18,36.71232876712329
2025-08-19,33.6986301369863
2025-08-20,39.31506849315068
2025-08-21,33.83561643835616
2025-08-22,44.520547945205486
2025-08-23,36.986301369863014
2025-08-24,33.15068493150685
2025-08-25,19.041095890410958
2025-08-26,22.054794520547947
2025-08-27,12.19178082191781
2025-08-28,12.73972602739726
2025-08-29,25.890410958904113
2025-08-30,40.13698630136986
2025-08-31,31.78082191780822
2025-09-01,19.726027397260275
2025-09-02,21.91780821917808
2025-09-03,34.794520547945204
2025-09-04,19.17808219178082
2025-09-05,11.643835616438356
2025-09-06,10.54794520547945
2025-09-07,16.164383561643834
2025-09-08,6.027397260273973
2025-09-09,16.164383561643834
2025-09-10,22.32876712328767
2025-09-11,40.0
2025-09-12,26.986301369863014
2025-09-13,21.232876712328768
2025-09-14,5.479452054794521
2025-09-15,6.438356164383562
2025-09-16,9.315068493150685
2025-09-17,25.753424657534246
2025-09-18,23.424657534246574
2025-09-19,20.136986301369866
2025-09-20,12.602739726027398
2025-09-21,10.547945205479452
2025-09-22,16.027397260273972
2025-09-23,18.356164383561644
2025-09-24,28.21917808219178
2025-09-25,43.83561643835616
2025-09-26,45.89041095890411
2025-09-27,42.1917808219178
2025-09-28,28.63013698630137
2025-09-29,20.0
2025-09-30,21.095890410958905
2025-10-01,20.958904109589042
2025-10-02,35.75342465753425
2025-10-03,42.87671232876713
2025-10-04,52.87671232876713
2025-10-05,51.50684931506849
2025-10-06,46.57534246575342
2025-10-07,34.65753424657534
2025-10-08,32.87671232876713
2025-10-09,50.41095890410959
2025-10-10,44.93150684931507
2025-10-11,53.150684931506845
2025-10-12,28.356164383561644
2025-10-13,38.630136986301366
2025-10-14,31.64383561643836
2025-10-15,45.47945205479452
2025-10-16,39.04109589041096
2025-10-17,39.863013698630134
2025-10-18,33.28767123287671
2025-10-19,31.506849315068493
2025-10-20,28.63013698630137
2025-10-21,34.93150684931507
2025-10-22,36.02739726027397
2025-10-23,37.534246575342465
2025-10-24,43.56164383561644
2025-10-25,50.41095890410959
2025-10-26,44.38356164383562
2025-10-27,32.73972602739726
2025-10-28,23.561643835616437
2025-10-29,26.301369863013697
2025-10-30,33.013698630136986
2025-10-31,43.56164383561644
2025-11-01,53.28767123287672
2025-11-02,55.75342465753425
2025-11-03,62.87671232876713
2025-11-04,65.61643835616438
2025-11-05,62.054794520547944
2025-11-06,60.82191780821918
2025-11-07,60.82191780821918
2025-11-08,58.630136986301366
2025-11-09,47.12328767123287
2025-11-10,43.6986301369863
2025-11-11,44.794520547945204
2025-11-12,55.342465753424655
2025-11-13,47.534246575342465
2025-11-14,53.97260273972603
2025-11-15,52.87671232876713
2025-11-16,55.47945205479452
2025-11-17,60.0
2025-11-18,57.397260273972606
2025-11-19,50.68493150684931
2025-11-20,66.16438356164383
2025-11-21,75.89041095890411
2025-11-22,88.63013698630138
2025-11-23,82.1917808219178
2025-11-24,62.602739726027394
2025-11-25,50.821917808219176
2025-11-26,38.49315068493151
2025-11-27,39.31506849315068
2025-11-28,35.61643835616438
2025-11-29,39.31506849315068
2025-11-30,35.75342465753425
2025-12-01,43.150684931506845
2025-12-02,46.301369863013704
2025-12-03,39.04109589041096
2025-12-04,40.0
2025-12-05,35.205479452054796
2025-12-06,65.06849315068493
2025-12-07,71.23287671232876
2025-12-08,74.52054794520548
2025-12-09,48.35616438356165
2025-12-10,48.21917808219178
2025-12-11,53.013698630136986
2025-12-12,58.49315068493151
2025-12-13,52.87671232876713
2025-12-14,54.93150684931507
2025-12-15,57.80821917808219
2025-12-16,68.4931506849315
2025-12-17,63.83561643835617
2025-12-18,61.232876712328775
2025-12-19,40.54794520547945
2025-12-20,45.89041095890411
2025-12-21,50.273972602739725
2025-12-22,67.3972602739726
2025-12-23,64.93150684931507
2025-12-24,63.83561643835616
2025-12-25,53.42465753424658
2025-12-26,46.57534246575342
2025-12-27,39.86301369863014
2025-12-28,49.178082191780824
2025-12-29,39.58904109589041
2025-12-30,52.19178082191781
2025-12-31,46.57534246575342
2026-01-01,59.863013698630134
2026-01-02,62.19178082191781
2026-01-03,66.57534246575342
2026-01-04,55.20547945205479
2026-01-05,41.23287671232877
2026-01-06,43.150684931506845
2026-01-07,58.63013698630137
2026-01-08,56.57534246575342
2026-01-09,49.04109589041096
2026-01-10,46.02739726027397
2026-01-11,51.50684931506849
2026-01-12,37.67123287671233
2026-01-13,52.73972602739726
2026-01-14,60.27397260273973
2026-01-15,63.97260273972603
2026-01-16,42.054794520547944
2026-01-17,28.35616438356164
2026-01-18,22.73972602739726
2026-01-19,33.56164383561644
2026-01-20,35.75342465753425
2026-01-21,26.575342465753426
2026-01-22,22.054794520547944
2026-01-23,12.739726027397259
2026-01-24,15.068493150684933
2026-01-25,20.958904109589042
2026-01-26,27.123287671232873
2026-01-27,17.67123287671233
2026-01-28,16.438356164383563
2026-01-29,20.136986301369863
2026-01-30,18.356164383561644
2026-01-31,40.82191780821918
2026-02-01,64.93150684931507
2026-02-02,76.02739726027397
2026-02-03,78.35616438356165
2026-02-04,68.63013698630137
2026-02-05,66.7123287671233
2026-02-06,63.013698630136986
2026-02-07,63.97260273972603
2026-02-08,63.83561643835616
2026-02-09,76.57534246575342
2026-02-10,81.64383561643835
2026-02-11,52.602739726027394
2026-02-12,49.17808219178082
2026-02-13,45.61643835616438
2026-02-14,61.917808219178085
2026-02-15,62.328767123287676
2026-02-16,54.38356164383562
2026-02-17,56.71232876712329
2026-02-18,54.24657534246575
2026-02-19,60.54794520547945
2026-02-20,52.32876712328767
2026-02-21,48.49315068493151
2026-02-22,55.20547945205479
2026-02-23,63.013698630136986
2026-02-24,89.17808219178082
2026-02-25,77.39726027397259
2026-02-26,82.73972602739727
2026-02-27,59.863013698630134
2026-02-28,49.04109589041096
2026-03-01,48.21917808219178
2026-03-02,60.13698630136986
2026-03-03,84.79452054794521
2026-03-04,78.35616438356165
2026-03-05,54.38356164383562
2026-03-06,51.50684931506849
2026-03-07,51.780821917808225
2026-03-08,55.06849315068493
2026-03-09,47.80821917808219
2026-03-10,48.21917808219178
2026-03-11,58.76712328767123
2026-03-12,86.71232876712328
2026-03-13,82.1917808219178
2026-03-14,84.79452054794521
2026-03-15,80.82191780821918
2026-03-16,90.54794520547945
2026-03-17,84.38356164383562
2026-03-18,74.65753424657534
2026-03-19,59.86301369863014
2026-03-20,50.41095890410959
2026-03-21,66.57534246575342
2026-03-22,54.93150684931507
2026-03-23,48.35616438356165
2026-03-24,57.80821917808219
2026-03-25,76.3013698630137
2026-03-26,75.75342465753425
2026-03-27,54.38356164383562
2026-03-28,52.73972602739726
2026-03-29,68.21917808219177
2026-03-30,85.61643835616438
2026-03-31,86.57534246575342
2026-04-01,88.35616438356163
2026-04-02,86.7123287671233
2026-04-03,82.87671232876713
2026-04-04,81.5068493150685
2026-04-05,82.73972602739727
2026-04-06,70.13698630136986
2026-04-07,36.16438356164383
2026-04-08,25.34246575342466
2026-04-09,25.753424657534246
2026-04-10,28.904109589041095
2026-04-11,73.01369863013699
2026-04-12,79.45205479452055
2026-04-13,72.46575342465754
2026-04-14,57.26027397260274
2026-04-15,66.30136986301369
2026-04-16,46.986301369863014
2026-04-17,42.73972602739726
2026-04-18,28.9041095890411
2026-04-19,38.49315068493151
2026-04-20,39.45205479452055
2026-04-21,43.698630136986296
2026-04-22,50.54794520547945
2026-04-23,67.26027397260273
2026-04-24,54.52054794520548
2026-04-25,64.52054794520548
2026-04-26,63.97260273972603
2026-04-27,62.1917808219178
2026-04-28,45.89041095890411
2026-04-29,36.43835616438356
2026-04-30,39.04109589041096
2026-05-01,46.16438356164383
2026-05-02,31.095890410958905
2026-05-03,28.21917808219178
2026-05-04,40.82191780821918
2026-05-05,41.78082191780822
2026-05-06,36.02739726027397
2026-05-07,15.89041095890411
2026-05-08,8.904109589041095
2026-05-09,13.15068493150685
2026-05-10,26.027397260273972
2026-05-11,26.71232876712329
2026-05-12,30.0
2026-05-13,33.97260273972603
2026-05-14,45.205479452054796
2026-05-15,48.76712328767124
2026-05-16,33.6986301369863
2026-05-17,26.43835616438356
2026-05-18,24.383561643835616
2026-05-19,47.945205479452056
2026-05-20,51.64383561643836
2026-05-21,44.52054794520548
2026-05-22,24.794520547945204
2026-05-23,12.602739726027398
2026-05-24,17.945205479452056
2026-05-25,16.849315068493148
2026-05-26,32.87671232876713
2026-05-27,17.67123287671233
2026-05-28,17.123287671232877
2026-05-29,6.027397260273973
2026-05-30,25.47945205479452
2026-05-31,44.65753424657534
2026-06-01,53.013698630136986
2026-06-02,53.56164383561644
2026-06-03,46.71232876712328
2026-06-04,37.12328767123288
2026-06-05,41.0958904109589
2026-06-06,39.17808219178082
2026-06-07,40.273972602739725
2026-06-08,38.21917808219178
2026-06-09,48.21917808219178
2026-06-10,57.26027397260274
2026-06-11,54.65753424657534
2026-06-12,59.178082191780824
2026-06-13,55.06849315068493
2026-06-14,39.58904109589041
2026-06-15,17.945205479452056
2026-06-16,28.493150684931507
2026-06-17,49.726027397260275
2026-06-18,48.76712328767123
2026-06-19,26.986301369863014
2026-06-20,20.136986301369863
2026-06-21,25.06849315068493
2026-06-22,25.342465753424655
2026-06-23,44.794520547945204
2026-06-24,50.0
2026-06-25,60.54794520547945
2026-06-26,44.109589041095894
2026-06-27,42.054794520547944
2026-06-28,39.863013698630134
2026-06-29,47.397260273972606
2026-06-30,56.16438356164383
2026-07-01,48.49315068493151
2026-07-02,52.19178082191781
2026-07-03,48.630136986301366
2026-07-04,49.45205479452055
2026-07-05,30.684931506849317
2026-07-06,31.0958904109589
2026-07-07,53.83561643835616
2026-07-08,62.73972602739725
2026-07-09,39.863013698630134
2026-07-10,38.35616438356165
2026-07-11,30.54794520547945
2026-07-12,43.28767123287671
2026-07-13,36.849315068493155
2026-07-14,53.013698630136986
2026-07-15,53.15068493150685
2026-07-16,31.506849315068493
2026-07-17,17.26027397260274
2026-07-18,17.123287671232877
2026-07-19,43.013698630136986
2026-07-20,41.64383561643836
2026-07-21,36.57534246575342
2026-07-22,43.698630136986296
2026-07-23,45.61643835616439
2026-07-24,39.45205479452055
2026-07-25,20.821917808219176
2026-07-26,21.36986301369863
2026-07-27,21.643835616438356
2026-07-28,31.78082191780822
2026-07-29,32.73972602739726
2026-07-30,37.397260273972606
2026-07-31,49.31506849315069
2026-08-01,50.68493150684932
2026-08-02,45.89041095890411
2026-08-03,44.52054794520548
2026-08-04,30.273972602739725
2026-08-05,35.75342465753425
2026-08-06,43.6986301369863
2026-08-07,49.86301369863014
2026-08-08,49.86301369863014
2026-08-09,39.86301369863014
2026-08-10,24.383561643835616
2026-08-11,11.095890410958905
2026-08-12,26.027397260273972
2026-08-13,33.97260273972603
2026-08-14,45.61643835616439
2026-08-15,31.506849315068493
2026-08-16,27.80821917808219
2026-08-17,26.84931506849315
2026-08-18,31.780821917808222
2026-08-19,36.16438356164384
2026-08-20,49.17808219178082
2026-08-21,66.02739726027397
2026-08-22,45.61643835616438
2026-08-23,59.04109589041096
2026-08-24,53.42465753424658
2026-08-25,57.397260273972606
2026-08-26,38.21917808219178
2026-08-27,41.369863013698634
2026-08-28,47.397260273972606
2026-08-29,39.45205479452055
2026-08-30,9.041095890410958
2026-08-31,10.958904109589042
2026-09-01,12.465753424657533
2026-09-02,36.986301369863014
2026-09-03,55.753424657534254
2026-09-04,45.89041095890411
2026-09-05,42.73972602739726
2026-09-06,46.43835616438356
2026-09-07,48.082191780821915
2026-09-08,47.8082191780822
2026-09-09,51.0958904109589
2026-09-10,58.9041095890411
2026-09-11,45.47945205479452
2026-09-12,32.73972602739726
2026-09-13,23.698630136986303
2026-09-14,17.808219178082194
2026-09-15,29.45205479452055
2026-09-16,38.90410958904109
2026-09-17,38.9041095890411
2026-09-18,27.123287671232877
2026-09-19,20.54794520547945
2026-09-20,36.3013698630137
2026-09-21,55.890410958904106
