source,metric,asset,date,value,reason
binance_vision,open_interest,btcusdt,2022-03-07,0.0,open interest <= 0 on a listed perpetual (archive glitch; last 5-min row of the day = 0)
binance_vision,open_interest_usd,btcusdt,2022-03-07,0.0,open interest <= 0 on a listed perpetual (archive glitch; last 5-min row of the day = 0)
binance_vision,open_interest,btcusdt,2024-07-10,0.0,open interest <= 0 on a listed perpetual (archive glitch; last 5-min row of the day = 0)
binance_vision,open_interest_usd,btcusdt,2024-07-10,0.0,open interest <= 0 on a listed perpetual (archive glitch; last 5-min row of the day = 0)
binance_vision,open_interest,btcusdt,2024-07-12,0.0,open interest <= 0 on a listed perpetual (archive glitch; last 5-min row of the day = 0)
binance_vision,open_interest_usd,btcusdt,2024-07-12,0.0,open interest <= 0 on a listed perpetual (archive glitch; last 5-min row of the day = 0)
bitfinex,open_interest,btcf0ustf0,2019-08-22,0.0,open interest reported as 0 for the first weeks after listing (field not populated)
bitfinex,open_interest,btcf0ustf0,2019-08-23,0.0,open interest reported as 0 for the first weeks after listing (field not populated)
bitfinex,open_interest,btcf0ustf0,2019-08-24,0.0,open interest reported as 0 for the first weeks after listing (field not populated)
bitfinex,open_interest,btcf0ustf0,2019-08-25,0.0,open interest reported as 0 for the first weeks after listing (field not populated)
bitfinex,open_interest,btcf0ustf0,2019-08-26,0.0,open interest reported as 0 for the first weeks after listing (field not populated)
bitfinex,open_interest,btcf0ustf0,2019-08-27,0.0,open interest reported as 0 for the first weeks after listing (field not populated)
bitfinex,open_interest,btcf0ustf0,2019-08-28,0.0,open interest reported as 0 for the first weeks after listing (field not populated)
bitfinex,open_interest,btcf0ustf0,2019-08-29,0.0,open interest reported as 0 for the first weeks after listing (field not populated)
bitfinex,open_interest,btcf0ustf0,2019-08-30,0.0,open interest reported as 0 for the first weeks after listing (field not populated)
bitfinex,open_interest,btcf0ustf0,2019-08-31,0.0,open interest reported as 0 for the first weeks after listing (field not populated)
bitfinex,open_interest,btcf0ustf0,2019-09-01,0.0,open interest reported as 0 for the first weeks after listing (field not populated)
bitfinex,open_interest,btcf0ustf0,2019-09-02,0.0,open interest reported as 0 for the first weeks after listing (field not populated)
bitfinex,open_interest,btcf0ustf0,2019-09-03,0.0,open interest reported as 0 for the first weeks after listing (field not populated)
bitfinex,open_interest,btcf0ustf0,2019-09-04,0.0,open interest reported as 0 for the first weeks after listing (field not populated)
bitfinex,open_interest,btcf0ustf0,2019-09-05,0.0,open interest reported as 0 for the first weeks after listing (field not populated)
bitfinex,open_interest,btcf0ustf0,2019-09-06,0.0,open interest reported as 0 for the first weeks after listing (field not populated)
bitfinex,open_interest,btcf0ustf0,2019-09-07,0.0,open interest reported as 0 for the first weeks after listing (field not populated)
bitfinex,open_interest,btcf0ustf0,2019-09-08,0.0,open interest reported as 0 for the first weeks after listing (field not populated)
bitfinex,open_interest,btcf0ustf0,2019-09-09,0.0,open interest reported as 0 for the first weeks after listing (field not populated)
bitfinex,open_interest,btcf0ustf0,2019-09-10,0.0,open interest reported as 0 for the first weeks after listing (field not populated)
bitfinex,open_interest,btcf0ustf0,2019-09-11,0.0,open interest reported as 0 for the first weeks after listing (field not populated)
bitfinex,open_interest,btcf0ustf0,2019-09-12,0.0,open interest reported as 0 for the first weeks after listing (field not populated)
bitfinex,open_interest,btcf0ustf0,2019-09-13,0.0,open interest reported as 0 for the first weeks after listing (field not populated)
bitfinex,open_interest,btcf0ustf0,2019-09-14,0.0,open interest reported as 0 for the first weeks after listing (field not populated)
bitfinex,open_interest,btcf0ustf0,2019-09-15,0.0,open interest reported as 0 for the first weeks after listing (field not populated)
bitfinex,open_interest,btcf0ustf0,2019-09-16,0.0,open interest reported as 0 for the first weeks after listing (field not populated)
bitfinex,open_interest,btcf0ustf0,2019-09-17,0.0,open interest reported as 0 for the first weeks after listing (field not populated)
bitfinex,open_interest,btcf0ustf0,2019-09-18,0.0,open interest reported as 0 for the first weeks after listing (field not populated)
bitfinex,open_interest,btcf0ustf0,2019-09-19,0.0,open interest reported as 0 for the first weeks after listing (field not populated)
bitfinex,open_interest,btcf0ustf0,2019-09-20,0.0,open interest reported as 0 for the first weeks after listing (field not populated)
bitfinex,open_interest,btcf0ustf0,2019-09-21,0.0,open interest reported as 0 for the first weeks after listing (field not populated)
bitfinex,open_interest,btcf0ustf0,2019-09-22,0.0,open interest reported as 0 for the first weeks after listing (field not populated)
bitfinex,open_interest,btcf0ustf0,2019-09-23,0.0,open interest reported as 0 for the first weeks after listing (field not populated)
bitfinex,open_interest,btcf0ustf0,2019-09-24,0.0,open interest reported as 0 for the first weeks after listing (field not populated)
bitfinex,open_interest,btcf0ustf0,2019-09-25,0.0,open interest reported as 0 for the first weeks after listing (field not populated)
bitfinex,open_interest,btcf0ustf0,2019-09-26,0.0,open interest reported as 0 for the first weeks after listing (field not populated)
bitfinex,open_interest,btcf0ustf0,2019-09-27,0.0,open interest reported as 0 for the first weeks after listing (field not populated)
bitfinex,open_interest,btcf0ustf0,2019-09-28,0.0,open interest reported as 0 for the first weeks after listing (field not populated)
bitfinex,open_interest,btcf0ustf0,2019-09-29,0.0,open interest reported as 0 for the first weeks after listing (field not populated)
bitfinex,open_interest,btcf0ustf0,2019-09-30,0.0,open interest reported as 0 for the first weeks after listing (field not populated)
bitfinex,open_interest,btcf0ustf0,2019-10-01,0.0,open interest reported as 0 for the first weeks after listing (field not populated)
bitfinex,open_interest,btcf0ustf0,2019-10-02,0.0,open interest reported as 0 for the first weeks after listing (field not populated)
bitfinex,open_interest,btcf0ustf0,2019-10-03,0.0,open interest reported as 0 for the first weeks after listing (field not populated)
bitfinex,open_interest,btcf0ustf0,2019-10-04,0.0,open interest reported as 0 for the first weeks after listing (field not populated)
bitfinex,open_interest,btcf0ustf0,2019-10-05,0.0,open interest reported as 0 for the first weeks after listing (field not populated)
bitfinex,open_interest,btcf0ustf0,2019-10-06,0.0,open interest reported as 0 for the first weeks after listing (field not populated)
bitfinex,open_interest,btcf0ustf0,2019-10-07,0.0,open interest reported as 0 for the first weeks after listing (field not populated)
bitfinex,open_interest,btcf0ustf0,2019-10-08,0.0,open interest reported as 0 for the first weeks after listing (field not populated)
bitfinex,open_interest,btcf0ustf0,2019-10-09,0.0,open interest reported as 0 for the first weeks after listing (field not populated)
bitfinex,open_interest,btcf0ustf0,2019-10-10,0.0,open interest reported as 0 for the first weeks after listing (field not populated)
bitfinex,open_interest,btcf0ustf0,2019-10-11,0.0,open interest reported as 0 for the first weeks after listing (field not populated)
bitfinex,open_interest,btcf0ustf0,2019-10-12,0.0,open interest reported as 0 for the first weeks after listing (field not populated)
bitfinex,open_interest,btcf0ustf0,2019-10-13,0.0,open interest reported as 0 for the first weeks after listing (field not populated)
bitfinex,open_interest,btcf0ustf0,2019-10-14,0.0,open interest reported as 0 for the first weeks after listing (field not populated)
bitfinex,open_interest,btcf0ustf0,2019-10-15,0.0,open interest reported as 0 for the first weeks after listing (field not populated)
bitfinex,open_interest,btcf0ustf0,2019-10-16,0.0,open interest reported as 0 for the first weeks after listing (field not populated)
bitfinex,open_interest,btcf0ustf0,2019-10-17,0.0,open interest reported as 0 for the first weeks after listing (field not populated)
bitfinex,open_interest,btcf0ustf0,2019-10-18,0.0,open interest reported as 0 for the first weeks after listing (field not populated)
bitfinex,open_interest,btcf0ustf0,2019-10-19,0.0,open interest reported as 0 for the first weeks after listing (field not populated)
bitfinex,open_interest,btcf0ustf0,2019-10-20,0.0,open interest reported as 0 for the first weeks after listing (field not populated)
bitfinex,open_interest,btcf0ustf0,2019-10-21,0.0,open interest reported as 0 for the first weeks after listing (field not populated)
bitfinex,open_interest,btcf0ustf0,2019-10-22,0.0,open interest reported as 0 for the first weeks after listing (field not populated)
bitfinex,open_interest,btcf0ustf0,2019-10-23,0.0,open interest reported as 0 for the first weeks after listing (field not populated)
bitfinex,open_interest,btcf0ustf0,2019-10-24,0.0,open interest reported as 0 for the first weeks after listing (field not populated)
bitfinex,open_interest,btcf0ustf0,2019-10-25,0.0,open interest reported as 0 for the first weeks after listing (field not populated)
bitfinex,open_interest,btcf0ustf0,2019-10-26,0.0,open interest reported as 0 for the first weeks after listing (field not populated)
bitfinex,open_interest,btcf0ustf0,2019-10-27,0.0,open interest reported as 0 for the first weeks after listing (field not populated)
binance_vision,open_interest,ethusdt,2022-03-07,0.0,open interest <= 0 on a listed perpetual (archive glitch; last 5-min row of the day = 0)
binance_vision,open_interest_usd,ethusdt,2022-03-07,0.0,open interest <= 0 on a listed perpetual (archive glitch; last 5-min row of the day = 0)
bitfinex,open_interest,ethf0ustf0,2019-08-28,0.0,open interest reported as 0 for the first weeks after listing (field not populated)
bitfinex,open_interest,ethf0ustf0,2019-08-29,0.0,open interest reported as 0 for the first weeks after listing (field not populated)
bitfinex,open_interest,ethf0ustf0,2019-08-30,0.0,open interest reported as 0 for the first weeks after listing (field not populated)
bitfinex,open_interest,ethf0ustf0,2019-08-31,0.0,open interest reported as 0 for the first weeks after listing (field not populated)
bitfinex,open_interest,ethf0ustf0,2019-09-01,0.0,open interest reported as 0 for the first weeks after listing (field not populated)
bitfinex,open_interest,ethf0ustf0,2019-09-02,0.0,open interest reported as 0 for the first weeks after listing (field not populated)
bitfinex,open_interest,ethf0ustf0,2019-09-03,0.0,open interest reported as 0 for the first weeks after listing (field not populated)
bitfinex,open_interest,ethf0ustf0,2019-09-04,0.0,open interest reported as 0 for the first weeks after listing (field not populated)
bitfinex,open_interest,ethf0ustf0,2019-09-05,0.0,open interest reported as 0 for the first weeks after listing (field not populated)
bitfinex,open_interest,ethf0ustf0,2019-09-06,0.0,open interest reported as 0 for the first weeks after listing (field not populated)
bitfinex,open_interest,ethf0ustf0,2019-09-07,0.0,open interest reported as 0 for the first weeks after listing (field not populated)
bitfinex,open_interest,ethf0ustf0,2019-09-08,0.0,open interest reported as 0 for the first weeks after listing (field not populated)
bitfinex,open_interest,ethf0ustf0,2019-09-09,0.0,open interest reported as 0 for the first weeks after listing (field not populated)
bitfinex,open_interest,ethf0ustf0,2019-09-10,0.0,open interest reported as 0 for the first weeks after listing (field not populated)
bitfinex,open_interest,ethf0ustf0,2019-09-11,0.0,open interest reported as 0 for the first weeks after listing (field not populated)
bitfinex,open_interest,ethf0ustf0,2019-09-12,0.0,open interest reported as 0 for the first weeks after listing (field not populated)
bitfinex,open_interest,ethf0ustf0,2019-09-13,0.0,open interest reported as 0 for the first weeks after listing (field not populated)
bitfinex,open_interest,ethf0ustf0,2019-09-14,0.0,open interest reported as 0 for the first weeks after listing (field not populated)
bitfinex,open_interest,ethf0ustf0,2019-09-15,0.0,open interest reported as 0 for the first weeks after listing (field not populated)
bitfinex,open_interest,ethf0ustf0,2019-09-16,0.0,open interest reported as 0 for the first weeks after listing (field not populated)
bitfinex,open_interest,ethf0ustf0,2019-09-17,0.0,open interest reported as 0 for the first weeks after listing (field not populated)
bitfinex,open_interest,ethf0ustf0,2019-09-18,0.0,open interest reported as 0 for the first weeks after listing (field not populated)
bitfinex,open_interest,ethf0ustf0,2019-09-19,0.0,open interest reported as 0 for the first weeks after listing (field not populated)
bitfinex,open_interest,ethf0ustf0,2019-09-20,0.0,open interest reported as 0 for the first weeks after listing (field not populated)
bitfinex,open_interest,ethf0ustf0,2019-09-21,0.0,open interest reported as 0 for the first weeks after listing (field not populated)
bitfinex,open_interest,ethf0ustf0,2019-09-22,0.0,open interest reported as 0 for the first weeks after listing (field not populated)
bitfinex,open_interest,ethf0ustf0,2019-09-23,0.0,open interest reported as 0 for the first weeks after listing (field not populated)
bitfinex,open_interest,ethf0ustf0,2019-09-24,0.0,open interest reported as 0 for the first weeks after listing (field not populated)
bitfinex,open_interest,ethf0ustf0,2019-09-25,0.0,open interest reported as 0 for the first weeks after listing (field not populated)
bitfinex,open_interest,ethf0ustf0,2019-09-26,0.0,open interest reported as 0 for the first weeks after listing (field not populated)
bitfinex,open_interest,ethf0ustf0,2019-09-27,0.0,open interest reported as 0 for the first weeks after listing (field not populated)
bitfinex,open_interest,ethf0ustf0,2019-09-28,0.0,open interest reported as 0 for the first weeks after listing (field not populated)
bitfinex,open_interest,ethf0ustf0,2019-09-29,0.0,open interest reported as 0 for the first weeks after listing (field not populated)
bitfinex,open_interest,ethf0ustf0,2019-09-30,0.0,open interest reported as 0 for the first weeks after listing (field not populated)
bitfinex,open_interest,ethf0ustf0,2019-10-01,0.0,open interest reported as 0 for the first weeks after listing (field not populated)
bitfinex,open_interest,ethf0ustf0,2019-10-02,0.0,open interest reported as 0 for the first weeks after listing (field not populated)
bitfinex,open_interest,ethf0ustf0,2019-10-03,0.0,open interest reported as 0 for the first weeks after listing (field not populated)
bitfinex,open_interest,ethf0ustf0,2019-10-04,0.0,open interest reported as 0 for the first weeks after listing (field not populated)
bitfinex,open_interest,ethf0ustf0,2019-10-05,0.0,open interest reported as 0 for the first weeks after listing (field not populated)
bitfinex,open_interest,ethf0ustf0,2019-10-06,0.0,open interest reported as 0 for the first weeks after listing (field not populated)
bitfinex,open_interest,ethf0ustf0,2019-10-07,0.0,open interest reported as 0 for the first weeks after listing (field not populated)
bitfinex,open_interest,ethf0ustf0,2019-10-08,0.0,open interest reported as 0 for the first weeks after listing (field not populated)
bitfinex,open_interest,ethf0ustf0,2019-10-09,0.0,open interest reported as 0 for the first weeks after listing (field not populated)
bitfinex,open_interest,ethf0ustf0,2019-10-10,0.0,open interest reported as 0 for the first weeks after listing (field not populated)
bitfinex,open_interest,ethf0ustf0,2019-10-11,0.0,open interest reported as 0 for the first weeks after listing (field not populated)
bitfinex,open_interest,ethf0ustf0,2019-10-12,0.0,open interest reported as 0 for the first weeks after listing (field not populated)
bitfinex,open_interest,ethf0ustf0,2019-10-13,0.0,open interest reported as 0 for the first weeks after listing (field not populated)
bitfinex,open_interest,ethf0ustf0,2019-10-14,0.0,open interest reported as 0 for the first weeks after listing (field not populated)
bitfinex,open_interest,ethf0ustf0,2019-10-15,0.0,open interest reported as 0 for the first weeks after listing (field not populated)
bitfinex,open_interest,ethf0ustf0,2019-10-16,0.0,open interest reported as 0 for the first weeks after listing (field not populated)
bitfinex,open_interest,ethf0ustf0,2019-10-17,0.0,open interest reported as 0 for the first weeks after listing (field not populated)
bitfinex,open_interest,ethf0ustf0,2019-10-18,0.0,open interest reported as 0 for the first weeks after listing (field not populated)
bitfinex,open_interest,ethf0ustf0,2019-10-19,0.0,open interest reported as 0 for the first weeks after listing (field not populated)
bitfinex,open_interest,ethf0ustf0,2019-10-20,0.0,open interest reported as 0 for the first weeks after listing (field not populated)
bitfinex,open_interest,ethf0ustf0,2019-10-21,0.0,open interest reported as 0 for the first weeks after listing (field not populated)
bitfinex,open_interest,ethf0ustf0,2019-10-22,0.0,open interest reported as 0 for the first weeks after listing (field not populated)
bitfinex,open_interest,ethf0ustf0,2019-10-23,0.0,open interest reported as 0 for the first weeks after listing (field not populated)
bitfinex,open_interest,ethf0ustf0,2019-10-24,0.0,open interest reported as 0 for the first weeks after listing (field not populated)
bitfinex,open_interest,ethf0ustf0,2019-10-25,0.0,open interest reported as 0 for the first weeks after listing (field not populated)
bitfinex,open_interest,ethf0ustf0,2019-10-26,0.0,open interest reported as 0 for the first weeks after listing (field not populated)
bitfinex,open_interest,ethf0ustf0,2019-10-27,0.0,open interest reported as 0 for the first weeks after listing (field not populated)
