date,sum_tickers,total_column,within_tolerance
2024-01-11,655.3,655.3,True
2024-01-12,202.99999999999997,203.0,True
2024-01-15,0.0,0.0,True
2024-01-16,-52.69999999999999,-52.7,True
2024-01-17,453.79999999999995,453.8,True
2024-01-18,-126.59999999999995,-126.6,True
2024-01-19,43.60000000000004,43.6,True
2024-01-22,-87.39999999999999,-87.4,True
2024-01-23,-106.09999999999998,-106.1,True
2024-01-24,-158.3,-158.3,True
2024-01-25,-79.80000000000004,-79.8,True
2024-01-26,14.799999999999992,14.8,True
2024-01-29,255.1,255.1,True
2024-01-30,247.3,247.3,True
2024-01-31,197.60000000000002,197.6,True
2024-02-01,38.5,38.5,True
2024-02-02,80.00000000000001,80.0,True
2024-02-05,68.10000000000001,68.1,True
2024-02-06,33.6,33.6,True
2024-02-07,146.0,146.0,True
2024-02-08,405.0,405.0,True
2024-02-09,541.5,541.5,True
2024-02-12,493.4,493.4,True
2024-02-13,636.3000000000001,636.3,True
2024-02-14,339.70000000000005,339.7,True
2024-02-15,477.4,477.4,True
2024-02-16,330.3,330.3,True
2024-02-19,0.0,0.0,True
2024-02-20,135.60000000000002,135.6,True
2024-02-21,-35.60000000000001,-35.6,True
2024-02-22,251.4,251.4,True
2024-02-23,232.5,232.5,True
2024-02-26,519.9,519.9,True
2024-02-27,576.9000000000001,576.9,True
2024-02-28,673.4,673.4,True
2024-02-29,92.3,92.3,True
2024-03-01,-139.6,-139.6,True
2024-03-04,562.7,562.7,True
2024-03-05,648.3,648.3,True
2024-03-06,332.0,332.0,True
2024-03-07,472.49999999999994,472.5,True
2024-03-08,223.00000000000006,223.0,True
2024-03-11,505.3999999999999,505.4,True
2024-03-12,1045.0,1045.0,True
2024-03-13,683.7,683.7,True
2024-03-14,132.69999999999996,132.7,True
2024-03-15,198.8,198.8,True
2024-03-18,-154.3,-154.3,True
2024-03-19,-326.2,-326.2,True
2024-03-20,-261.5,-261.5,True
2024-03-21,-94.0,-94.0,True
2024-03-22,-51.6,-51.6,True
2024-03-25,15.399999999999988,15.4,True
2024-03-26,418.0,418.0,True
2024-03-27,243.5,243.5,True
2024-03-28,182.79999999999998,182.8,True
2024-03-29,0.0,0.0,True
2024-04-01,-85.70000000000002,-85.7,True
2024-04-02,39.49999999999999,39.5,True
2024-04-03,113.50000000000001,113.5,True
2024-04-04,213.4,213.4,True
2024-04-05,203.0,203.0,True
2024-04-08,-223.8,-223.8,True
2024-04-09,-19.400000000000016,-19.4,True
2024-04-10,123.69999999999999,123.7,True
2024-04-11,91.29999999999998,91.3,True
2024-04-12,-55.099999999999994,-55.1,True
2024-04-15,-36.69999999999999,-36.7,True
2024-04-16,-58.00000000000001,-58.0,True
2024-04-17,-165.0,-165.0,True
2024-04-18,-4.3,-4.3,True
2024-04-19,59.7,59.7,True
2024-04-22,62.199999999999996,62.2,True
2024-04-23,31.59999999999999,31.6,True
2024-04-24,-120.60000000000001,-120.6,True
2024-04-25,-217.6,-217.6,True
2024-04-26,-83.60000000000001,-83.6,True
2024-04-29,-51.6,-51.6,True
2024-04-30,-161.6,-161.6,True
2024-05-01,-563.7,-563.7,True
2024-05-02,-34.4,-34.4,True
2024-05-03,378.3,378.3,True
2024-05-06,217.0,217.0,True
2024-05-07,-15.700000000000003,-15.7,True
2024-05-08,11.5,11.5,True
2024-05-09,-11.299999999999999,-11.3,True
2024-05-10,-84.7,-84.7,True
2024-05-13,66.0,66.0,True
2024-05-14,100.5,100.5,True
2024-05-15,303.0,303.0,True
2024-05-16,257.3,257.3,True
2024-05-17,221.5,221.5,True
2024-05-20,237.20000000000002,237.2,True
2024-05-21,305.7,305.7,True
2024-05-22,154.0,154.0,True
2024-05-23,107.9,107.9,True
2024-05-24,251.9,251.9,True
2024-05-27,0.0,0.0,True
2024-05-28,44.99999999999999,45.0,True
2024-05-29,28.3,28.3,True
2024-05-30,48.79999999999999,48.8,True
2024-05-31,48.8,48.8,True
2024-06-03,105.1,105.1,True
2024-06-04,886.5999999999999,886.6,True
2024-06-05,488.1,488.1,True
2024-06-06,217.7,217.7,True
2024-06-07,131.0,131.0,True
2024-06-10,-64.9,-64.9,True
2024-06-11,-200.4,-200.4,True
2024-06-12,100.8,100.8,True
2024-06-13,-226.20000000000002,-226.2,True
2024-06-14,-189.89999999999998,-189.9,True
2024-06-17,-145.9,-145.9,True
2024-06-18,-152.39999999999998,-152.4,True
2024-06-19,0.0,0.0,True
2024-06-20,-139.9,-139.9,True
2024-06-21,-105.9,-105.9,True
2024-06-24,-174.5,-174.5,True
2024-06-25,30.999999999999996,31.0,True
2024-06-26,21.400000000000002,21.4,True
2024-06-27,11.8,11.8,True
2024-06-28,73.0,73.0,True
2024-07-01,129.5,129.5,True
2024-07-02,-13.7,-13.7,True
2024-07-03,-20.5,-20.5,True
2024-07-04,0.0,0.0,True
2024-07-05,143.1,143.1,True
2024-07-08,294.8,294.8,True
2024-07-09,216.4,216.4,True
2024-07-10,147.4,147.4,True
2024-07-11,78.89999999999999,78.9,True
2024-07-12,310.09999999999997,310.1,True
2024-07-15,300.90000000000003,300.9,True
2024-07-16,422.5,422.5,True
2024-07-17,53.300000000000004,53.3,True
2024-07-18,37.2,37.2,True
2024-07-19,427.2,427.2,True
2024-07-22,485.90000000000003,485.9,True
2024-07-23,-77.99999999999999,-78.0,True
2024-07-24,44.5,44.5,True
2024-07-25,31.1,31.1,True
2024-07-26,51.8,51.8,True
2024-07-29,124.1,124.1,True
2024-07-30,-18.29999999999999,-18.3,True
2024-07-31,0.29999999999999893,0.3,True
2024-08-01,50.6,50.6,True
2024-08-02,-237.4,-237.4,True
2024-08-05,-168.4,-168.4,True
2024-08-06,-148.6,-148.6,True
2024-08-07,45.099999999999994,45.1,True
2024-08-08,194.6,194.6,True
2024-08-09,-89.7,-89.7,True
2024-08-12,27.799999999999997,27.8,True
2024-08-13,39.0,39.0,True
2024-08-14,-81.39999999999999,-81.4,True
2024-08-15,11.099999999999998,11.1,True
2024-08-16,35.89999999999999,35.9,True
2024-08-19,62.1,62.1,True
2024-08-20,88.0,88.0,True
2024-08-21,39.5,39.5,True
2024-08-22,64.8,64.8,True
2024-08-23,252.0,252.0,True
2024-08-26,202.6,202.6,True
2024-08-27,-127.1,-127.1,True
2024-08-28,-105.3,-105.3,True
2024-08-29,-71.8,-71.8,True
2024-08-30,-175.6,-175.6,True
2024-09-02,0.0,0.0,True
2024-09-03,-287.8,-287.8,True
2024-09-04,-37.2,-37.2,True
2024-09-05,-211.1,-211.1,True
2024-09-06,-170.0,-170.0,True
2024-09-09,28.6,28.6,True
2024-09-10,117.0,117.0,True
2024-09-11,-43.9,-43.9,True
2024-09-12,39.0,39.0,True
2024-09-13,263.2,263.2,True
2024-09-16,12.8,12.8,True
2024-09-17,186.8,186.8,True
2024-09-18,-52.699999999999996,-52.7,True
2024-09-19,158.29999999999998,158.3,True
2024-09-20,92.0,92.0,True
2024-09-23,4.500000000000002,4.5,True
2024-09-24,136.0,136.0,True
2024-09-25,105.9,105.9,True
2024-09-26,365.7,365.7,True
2024-09-27,494.4,494.4,True
2024-09-30,61.300000000000004,61.3,True
2024-10-01,-242.6,-242.6,True
2024-10-02,-91.69999999999999,-91.7,True
2024-10-03,-54.2,-54.2,True
2024-10-04,25.6,25.6,True
2024-10-07,235.20000000000002,235.2,True
2024-10-08,-18.599999999999994,-18.6,True
2024-10-09,-40.6,-40.6,True
2024-10-10,-120.8,-120.8,True
2024-10-11,253.6,253.6,True
2024-10-14,555.9,555.9,True
2024-10-15,371.0,371.0,True
2024-10-16,458.5,458.5,True
2024-10-17,470.5,470.5,True
2024-10-18,273.7,273.7,True
2024-10-21,294.3,294.3,True
2024-10-22,-79.1,-79.1,True
2024-10-23,192.4,192.4,True
2024-10-24,188.0,188.0,True
2024-10-25,402.0,402.0,True
2024-10-28,479.4,479.4,True
2024-10-29,870.1,870.1,True
2024-10-30,893.3,893.3,True
2024-10-31,32.300000000000004,32.3,True
2024-11-01,-54.900000000000006,-54.9,True
2024-11-04,-541.1,-541.1,True
2024-11-05,-116.80000000000001,-116.8,True
2024-11-06,621.9,621.9,True
2024-11-07,1373.8000000000002,1373.8,True
2024-11-08,293.4,293.4,True
2024-11-11,1114.1,1114.1,True
2024-11-12,817.5,817.5,True
2024-11-13,510.1,510.1,True
2024-11-14,-400.7,-400.7,True
2024-11-15,-370.0,-370.0,True
2024-11-18,254.79999999999998,254.8,True
2024-11-19,829.5,829.5,True
2024-11-20,773.4,773.4,True
2024-11-21,1005.1,1005.1,True
2024-11-22,490.30000000000007,490.3,True
2024-11-25,-435.29999999999995,-435.3,True
2024-11-26,-122.80000000000001,-122.8,True
2024-11-27,103.0,103.0,True
2024-11-28,0.0,0.0,True
2024-11-29,320.0,320.0,True
2024-12-02,353.6,353.6,True
2024-12-03,676.0,676.0,True
2024-12-04,556.8000000000001,556.8,True
2024-12-05,766.7,766.7,True
2024-12-06,376.6,376.6,True
2024-12-09,479.1,479.1,True
2024-12-10,438.5,438.5,True
2024-12-11,223.10000000000002,223.1,True
2024-12-12,597.5,597.5,True
2024-12-13,428.9,428.9,True
2024-12-16,636.9,636.9,True
2024-12-17,493.9,493.9,True
2024-12-18,275.3,275.3,True
2024-12-19,-671.9,-671.9,True
2024-12-20,-277.0,-277.0,True
2024-12-23,-226.5,-226.5,True
2024-12-24,-338.4,-338.4,True
2024-12-25,0.0,0.0,True
2024-12-26,475.2,475.2,True
2024-12-27,-287.9,-287.9,True
2024-12-30,-415.09999999999997,-415.1,True
2024-12-31,5.299999999999997,5.3,True
2025-01-01,0.0,0.0,True
2025-01-02,-242.3,-242.3,True
2025-01-03,908.1,908.1,True
2025-01-06,978.6,978.6,True
2025-01-07,52.40000000000003,52.4,True
2025-01-08,-568.8,-568.8,True
2025-01-09,0.0,0.0,True
2025-01-10,-149.4,-149.4,True
2025-01-13,-284.1,-284.1,True
2025-01-14,-209.8,-209.8,True
2025-01-15,755.1,755.1,True
2025-01-16,626.1,626.1,True
2025-01-17,1072.8,1072.8,True
2025-01-20,0.0,0.0,True
2025-01-21,802.6,802.6,True
2025-01-22,248.70000000000002,248.7,True
2025-01-23,188.7,188.7,True
2025-01-24,517.6999999999999,517.7,True
2025-01-27,-457.6,-457.6,True
2025-01-28,18.400000000000002,18.4,True
2025-01-29,92.0,92.0,True
2025-01-30,588.1,588.1,True
2025-01-31,318.6,318.6,True
2025-02-03,-234.4,-234.4,True
2025-02-04,340.7,340.7,True
2025-02-05,66.4,66.4,True
2025-02-06,-140.20000000000002,-140.2,True
2025-02-07,171.3,171.3,True
2025-02-10,-186.29999999999998,-186.3,True
2025-02-11,-56.7,-56.7,True
2025-02-12,-251.0,-251.0,True
2025-02-13,-157.8,-157.8,True
2025-02-14,66.2,66.2,True
2025-02-17,0.0,0.0,True
2025-02-18,-60.699999999999996,-60.7,True
2025-02-19,-71.2,-71.2,True
2025-02-20,-364.8,-364.8,True
2025-02-21,-62.9,-62.9,True
2025-02-24,-565.9,-565.9,True
2025-02-25,-1113.7,-1113.7,True
2025-02-26,-757.8,-757.8,True
2025-02-27,-275.9,-275.9,True
2025-02-28,94.3,94.3,True
2025-03-03,-74.19999999999999,-74.2,True
2025-03-04,-143.5,-143.5,True
2025-03-05,-38.3,-38.3,True
2025-03-06,-134.3,-134.3,True
2025-03-07,-409.3,-409.3,True
2025-03-10,-372.5,-372.5,True
2025-03-11,-396.3,-396.3,True
2025-03-12,13.299999999999992,13.3,True
2025-03-13,-143.4,-143.4,True
2025-03-14,41.3,41.3,True
2025-03-17,274.59999999999997,274.6,True
2025-03-18,209.1,209.1,True
2025-03-19,11.8,11.8,True
2025-03-20,165.7,165.7,True
2025-03-21,83.1,83.1,True
2025-03-24,79.7,79.7,True
2025-03-25,26.8,26.8,True
2025-03-26,89.60000000000001,89.6,True
2025-03-27,81.69999999999999,81.7,True
2025-03-28,-94.9,-94.9,True
2025-03-31,-71.2,-71.2,True
2025-04-01,-157.8,-157.8,True
2025-04-02,220.79999999999998,220.8,True
2025-04-03,-99.80000000000001,-99.8,True
2025-04-04,-64.9,-64.9,True
2025-04-07,-109.2,-109.2,True
2025-04-08,-328.0,-328.0,True
2025-04-09,-127.2,-127.2,True
2025-04-10,-149.5,-149.5,True
2025-04-11,-1.0,-1.0,True
2025-04-14,1.5,1.5,True
2025-04-15,76.4,76.4,True
2025-04-16,-169.8,-169.8,True
2025-04-17,106.9,106.9,True
2025-04-18,0.0,0.0,True
2025-04-21,387.4,387.4,True
2025-04-22,936.5,936.5,True
2025-04-23,917.0,917.0,True
2025-04-24,442.0,442.0,True
2025-04-25,380.0,380.0,True
2025-04-28,591.1999999999999,591.2,True
2025-04-29,172.79999999999998,172.8,True
2025-04-30,-56.30000000000001,-56.3,True
2025-05-01,422.49999999999994,422.5,True
2025-05-02,674.9,674.9,True
2025-05-05,425.50000000000006,425.5,True
2025-05-06,-85.7,-85.7,True
2025-05-07,142.3,142.3,True
2025-05-08,117.39999999999999,117.4,True
2025-05-09,334.5,334.5,True
2025-05-12,5.200000000000008,5.2,True
2025-05-13,-91.4,-91.4,True
2025-05-14,319.5,319.5,True
2025-05-15,114.89999999999998,114.9,True
2025-05-16,260.2,260.2,True
2025-05-19,667.4,667.4,True
2025-05-20,329.2,329.2,True
2025-05-21,607.1,607.1,True
2025-05-22,934.8000000000001,934.8,True
2025-05-23,211.7,211.7,True
2025-05-26,0.0,0.0,True
2025-05-27,385.40000000000003,385.4,True
2025-05-28,432.7,432.7,True
2025-05-29,-346.8,-346.8,True
2025-05-30,-616.1,-616.1,True
2025-06-02,-267.5,-267.5,True
2025-06-03,375.1,375.1,True
2025-06-04,87.0,87.0,True
2025-06-05,-278.4,-278.4,True
2025-06-06,-47.8,-47.8,True
2025-06-09,386.2,386.2,True
2025-06-10,431.2,431.2,True
2025-06-11,164.6,164.6,True
2025-06-12,86.30000000000003,86.3,True
2025-06-13,322.7,322.7,True
2025-06-16,412.20000000000005,412.2,True
2025-06-17,216.50000000000003,216.5,True
2025-06-18,388.3,388.3,True
2025-06-19,0.0,0.0,True
2025-06-20,6.399999999999999,6.4,True
2025-06-23,350.6,350.6,True
2025-06-24,588.6,588.6,True
2025-06-25,547.7,547.7,True
2025-06-26,226.7,226.7,True
2025-06-27,501.2,501.2,True
2025-06-30,102.1,102.1,True
2025-07-01,-342.2,-342.2,True
2025-07-02,407.8,407.8,True
2025-07-03,601.8,601.8,True
2025-07-07,216.5,216.5,True
2025-07-08,80.1,80.1,True
2025-07-09,215.7,215.7,True
2025-07-10,1175.6,1175.6,True
2025-07-11,1029.6,1029.6,True
2025-07-14,297.4,297.4,True
2025-07-15,403.1,403.1,True
2025-07-16,799.4,799.4,True
2025-07-17,522.6,522.6,True
2025-07-18,363.5,363.5,True
2025-07-21,-131.4,-131.4,True
2025-07-22,-68.0,-68.0,True
2025-07-23,-85.8,-85.8,True
2025-07-24,226.7,226.7,True
2025-07-25,130.8,130.8,True
2025-07-28,157.1,157.1,True
2025-07-29,80.0,80.0,True
2025-07-30,47.099999999999994,47.1,True
2025-07-31,-114.80000000000001,-114.8,True
2025-08-01,-812.3,-812.3,True
2025-08-04,-323.5,-323.5,True
2025-08-05,-196.2,-196.2,True
2025-08-06,91.6,91.6,True
2025-08-07,277.4,277.4,True
2025-08-08,403.9,403.9,True
2025-08-11,178.1,178.1,True
2025-08-12,65.9,65.9,True
2025-08-13,86.9,86.9,True
2025-08-14,230.80000000000004,230.8,True
2025-08-15,-14.099999999999994,-14.1,True
2025-08-18,-121.7,-121.7,True
2025-08-19,-523.3,-523.3,True
2025-08-20,-315.9,-315.9,True
2025-08-21,-194.4,-194.4,True
2025-08-22,-23.20000000000001,-23.2,True
2025-08-25,219.1,219.1,True
2025-08-26,88.1,88.1,True
2025-08-27,81.39999999999999,81.4,True
2025-08-28,178.9,178.9,True
2025-08-29,-126.7,-126.7,True
2025-09-02,332.8,332.8,True
2025-09-03,300.5,300.5,True
2025-09-04,-222.9,-222.9,True
2025-09-05,-160.1,-160.1,True
2025-09-08,364.3,364.3,True
2025-09-09,23.000000000000018,23.0,True
2025-09-10,741.5,741.5,True
2025-09-11,552.6999999999999,552.7,True
2025-09-12,642.4,642.4,True
2025-09-15,259.90000000000003,259.9,True
2025-09-16,292.3,292.3,True
2025-09-17,-51.30000000000001,-51.3,True
2025-09-18,163.0,163.0,True
2025-09-19,222.6,222.6,True
2025-09-22,-363.09999999999997,-363.1,True
2025-09-23,-103.8,-103.8,True
2025-09-24,241.0,241.0,True
2025-09-25,-253.4,-253.4,True
2025-09-26,-418.29999999999995,-418.3,True
2025-09-29,518.0,518.0,True
2025-09-30,429.9,429.9,True
2025-10-01,675.8,675.8,True
2025-10-02,627.2,627.2,True
2025-10-03,985.1,985.1,True
2025-10-06,1205.2,1205.2,True
2025-10-07,875.6,875.6,True
2025-10-08,440.7,440.7,True
2025-10-09,197.8,197.8,True
2025-10-10,-4.499999999999995,-4.5,True
2025-10-13,-326.4,-326.4,True
2025-10-14,102.69999999999999,102.7,True
2025-10-15,-104.10000000000001,-104.1,True
2025-10-16,-530.9,-530.9,True
2025-10-17,-366.6,-366.6,True
2025-10-20,-40.400000000000006,-40.4,True
2025-10-21,477.2,477.2,True
2025-10-22,-101.4,-101.4,True
2025-10-23,20.299999999999997,20.3,True
2025-10-24,90.6,90.6,True
2025-10-27,149.3,149.3,True
2025-10-28,202.4,202.4,True
2025-10-29,-470.7,-470.7,True
2025-10-30,-488.4,-488.4,True
2025-10-31,-191.60000000000002,-191.6,True
2025-11-03,-186.5,-186.5,True
2025-11-04,-566.4,-566.4,True
2025-11-05,-137.0,-137.0,True
2025-11-06,239.9,239.9,True
2025-11-07,-558.4,-558.4,True
2025-11-10,1.2,1.2,True
2025-11-11,524.0,524.0,True
2025-11-12,-278.1,-278.1,True
2025-11-13,-866.7,-866.7,True
2025-11-14,-492.1,-492.1,True
2025-11-17,-254.6,-254.6,True
2025-11-18,-372.80000000000007,-372.8,True
2025-11-19,75.4,75.4,True
2025-11-20,-903.2,-903.2,True
2025-11-21,238.4,238.4,True
2025-11-24,-151.0,-151.0,True
2025-11-25,128.70000000000002,128.7,True
2025-11-26,21.1,21.1,True
2025-11-28,71.39999999999999,71.4,True
2025-12-01,8.499999999999995,8.5,True
2025-12-02,58.499999999999986,58.5,True
2025-12-03,-14.9,-14.9,True
2025-12-04,-194.6,-194.6,True
2025-12-05,54.8,54.8,True
2025-12-08,-60.4,-60.4,True
2025-12-09,151.9,151.9,True
2025-12-10,223.5,223.5,True
2025-12-11,-77.49999999999999,-77.5,True
2025-12-12,49.1,49.1,True
2025-12-15,-357.59999999999997,-357.6,True
2025-12-16,-277.2,-277.2,True
2025-12-17,457.3,457.3,True
2025-12-18,-161.3,-161.3,True
2025-12-19,-158.29999999999998,-158.3,True
2025-12-22,-142.2,-142.2,True
2025-12-23,-188.60000000000002,-188.6,True
2025-12-24,-175.3,-175.3,True
2025-12-26,-275.9,-275.9,True
2025-12-29,-19.3,-19.3,True
2025-12-30,355.09999999999997,355.1,True
2025-12-31,-348.09999999999997,-348.1,True
2026-01-02,471.29999999999995,471.3,True
2026-01-05,697.1999999999999,697.2,True
2026-01-06,-243.2,-243.2,True
2026-01-07,-486.09999999999997,-486.1,True
2026-01-08,-398.8,-398.8,True
2026-01-09,-250.0,-250.0,True
2026-01-12,116.7,116.7,True
2026-01-13,753.8,753.8,True
2026-01-14,840.6,840.6,True
2026-01-15,100.2,100.2,True
2026-01-16,-394.7,-394.7,True
2026-01-20,-479.7,-479.7,True
2026-01-21,-708.7,-708.7,True
2026-01-22,-32.2,-32.2,True
2026-01-23,-103.5,-103.5,True
2026-01-26,6.800000000000001,6.8,True
2026-01-27,-147.4,-147.4,True
2026-01-28,-19.6,-19.6,True
2026-01-29,-817.8000000000001,-817.8,True
2026-01-30,-509.69999999999993,-509.7,True
2026-02-02,561.8,561.8,True
2026-02-03,-272.0,-272.0,True
2026-02-04,-544.9,-544.9,True
2026-02-05,-434.1,-434.1,True
2026-02-06,371.09999999999997,371.1,True
2026-02-09,144.9,144.9,True
2026-02-10,166.5,166.5,True
2026-02-11,-276.3,-276.3,True
2026-02-12,-410.2,-410.2,True
2026-02-13,15.1,15.1,True
2026-02-17,-104.9,-104.9,True
2026-02-18,-133.3,-133.3,True
2026-02-19,-165.79999999999998,-165.8,True
2026-02-20,88.1,88.1,True
2026-02-23,-203.8,-203.8,True
2026-02-24,257.7,257.7,True
2026-02-25,506.59999999999997,506.6,True
2026-02-26,254.4,254.4,True
2026-02-27,-27.500000000000004,-27.5,True
2026-03-02,458.2,458.2,True
2026-03-03,225.2,225.2,True
2026-03-04,461.90000000000003,461.9,True
2026-03-05,-227.9,-227.9,True
2026-03-06,-348.9,-348.9,True
2026-03-09,167.1,167.1,True
2026-03-10,246.9,246.9,True
2026-03-11,115.2,115.2,True
2026-03-12,53.800000000000004,53.8,True
2026-03-13,180.4,180.4,True
2026-03-16,199.4,199.4,True
2026-03-17,199.4,199.4,True
2026-03-18,-163.5,-163.5,True
2026-03-19,-90.19999999999999,-90.2,True
2026-03-20,-52.0,-52.0,True
2026-03-23,167.20000000000002,167.2,True
2026-03-24,-74.5,-74.5,True
2026-03-25,7.7999999999999945,7.8,True
2026-03-26,-171.3,-171.3,True
2026-03-27,-225.5,-225.5,True
2026-03-30,69.4,69.4,True
2026-03-31,117.5,117.5,True
2026-04-01,-173.7,-173.7,True
2026-04-02,9.0,9.0,True
2026-04-06,471.40000000000003,471.4,True
2026-04-07,-159.1,-159.1,True
2026-04-08,-93.89999999999999,-93.9,True
2026-04-09,358.1,358.1,True
2026-04-10,256.7,256.7,True
2026-04-13,-291.0,-291.0,True
2026-04-14,411.4,411.4,True
2026-04-15,186.09999999999997,186.1,True
2026-04-16,26.1,26.1,True
2026-04-17,663.9,663.9,True
2026-04-20,238.4,238.4,True
2026-04-21,11.8,11.8,True
2026-04-22,335.8,335.8,True
2026-04-23,223.3,223.3,True
2026-04-24,14.399999999999999,14.4,True
2026-04-27,-263.2,-263.2,True
2026-04-28,-89.7,-89.7,True
2026-04-29,-137.6,-137.6,True
2026-04-30,23.500000000000004,23.5,True
2026-05-01,629.8,629.8,True
2026-05-04,532.3,532.3,True
2026-05-05,467.3,467.3,True
2026-05-06,46.199999999999996,46.2,True
2026-05-07,-268.5,-268.5,True
2026-05-08,-145.7,-145.7,True
2026-05-11,27.2,27.2,True
2026-05-12,-233.2,-233.2,True
2026-05-13,-630.4,-630.4,True
2026-05-14,131.29999999999998,131.3,True
2026-05-15,-290.4,-290.4,True
2026-05-18,-648.6,-648.6,True
2026-05-19,-331.1,-331.1,True
2026-05-20,-70.5,-70.5,True
2026-05-21,-100.9,-100.9,True
2026-05-22,-105.2,-105.2,True
2026-05-26,-333.6,-333.6,True
2026-05-27,-733.4,-733.4,True
2026-05-28,-223.3,-223.3,True
2026-05-29,-125.3,-125.3,True
2026-06-01,-483.8,-483.8,True
2026-06-02,-519.1,-519.1,True
2026-06-03,-396.6,-396.6,True
2026-06-04,3.2000000000000046,3.2,True
2026-06-05,-325.7,-325.7,True
2026-06-08,-91.4,-91.4,True
2026-06-09,-77.4,-77.4,True
2026-06-10,-213.9,-213.9,True
2026-06-11,-22.5,-22.5,True
2026-06-12,85.9,85.9,True
2026-06-15,-64.8,-64.8,True
2026-06-16,10.199999999999998,10.2,True
2026-06-17,-82.2,-82.2,True
2026-06-18,-90.7,-90.7,True
2026-06-22,-68.3,-68.3,True
2026-06-23,-113.8,-113.8,True
2026-06-24,-469.0,-469.0,True
2026-06-25,-691.6999999999999,-691.7,True
2026-06-26,-444.5,-444.5,True
2026-06-29,-230.99999999999997,-231.0,True
2026-06-30,-222.6,-222.6,True
2026-07-01,-296.0,-296.0,True
2026-07-02,223.5,223.5,True
2026-07-06,265.7,265.7,True
2026-07-07,21.5,21.5,True
2026-07-08,-84.9,-84.9,True
2026-07-09,-95.3,-95.3,True
2026-07-10,90.39999999999999,90.4,True
2026-07-13,-424.7,-424.7,True
2026-07-14,181.1,181.1,True
2026-07-15,107.69999999999999,107.7,True
2026-07-16,79.1,79.1,True
2026-07-17,132.3,132.3,True
2026-07-20,226.8,226.8,True
2026-07-21,203.20000000000002,203.2,True
2026-07-22,69.1,69.1,True
2026-07-23,-225.1,-225.1,True
2026-07-24,-240.1,-240.1,True
2026-07-27,-11.600000000000001,-11.6,True
2026-07-28,-49.699999999999996,-49.7,True
2026-07-29,32.099999999999994,32.1,True
2026-07-30,233.1,233.1,True
2026-07-31,-265.4,-265.4,True
2026-08-03,170.1,170.1,True
2026-08-04,211.5,211.5,True
2026-08-05,244.4,244.4,True
2026-08-06,137.60000000000002,137.6,True
2026-08-07,101.7,101.7,True
2026-08-10,-144.6,-144.6,True
2026-08-11,7.8000000000000025,7.8,True
2026-08-12,-61.099999999999994,-61.1,True
2026-08-13,-131.1,-131.1,True
2026-08-14,-56.2,-56.2,True
2026-08-17,297.5,297.5,True
2026-08-18,189.29999999999998,189.3,True
2026-08-19,517.2,517.2,True
2026-08-20,606.3,606.3,True
2026-08-21,307.5,307.5,True
2026-08-24,337.6,337.6,True
2026-08-25,314.29999999999995,314.3,True
2026-08-26,232.20000000000002,232.2,True
2026-08-27,242.30000000000004,242.3,True
2026-08-28,-201.9,-201.9,True
2026-08-31,216.70000000000002,216.7,True
2026-09-01,-236.5,-236.5,True
2026-09-02,101.1,101.1,True
2026-09-03,730.8,730.8,True
2026-09-04,174.60000000000002,174.6,True
2026-09-08,-46.6,-46.6,True
2026-09-09,-120.2,-120.2,True
2026-09-10,-282.7,-282.7,True
2026-09-11,-13.2,-13.2,True
2026-09-14,159.9,159.9,True
2026-09-15,-450.4,-450.4,True
2026-09-16,-295.9,-295.9,True
2026-09-17,159.5,159.5,True
2026-09-18,433.0,433.0,True
2026-09-21,617.6,617.6,True
